parallel_id,yue_sent_id,zh_sent_id,yue_text,zh_text,yue_tokens,zh_tokens,absolute_token_difference,yue_mean_arc_distance,zh_mean_arc_distance,yue_long_arc_percent,zh_long_arc_percent,base_relation_JS_bits
hk/52,52,52,爺爺呀，呢啲畀你嘅！,這些是爺爺的！,8,5,3,2.0,1.5,0.0,0.0,0.6208069382689329
hk/343,343,343,你過去收吖。,到那邊試試。,5,5,0,1.75,1.25,0.0,0.0,0.6
hk/236,236,236,快啲畀返啲錢我呀！,快把錢還給我！,9,7,2,2.875,1.8333333333333333,12.5,0.0,0.5726348243432069
hk/99,99,99,欸，影張相畀阿哥睇先！,給哥哥看看才行。,10,6,4,2.888888888888889,1.8,22.22222222222222,0.0,0.5632453937825672
hk/203,203,203,米阻住晒啦！,別阻礙我！,5,4,1,1.75,1.3333333333333333,0.0,0.0,0.5540157730728001
hk/23,23,23,成日都講埋啲咩龜波氣功吖，打交啦。,常把龜波氣功掛在口邊。,12,7,5,3.090909090909091,1.8333333333333333,18.181818181818183,0.0,0.5527661184619035
hk/691,691,691,我想秘書同我幫幫-俾個名單我，得唔得呀？,請秘書幫忙把曾舉手表示想提出規程問題的議員名單交給我。,17,18,1,2.875,4.0,12.5,29.41176470588235,0.5430250537403675
hk/295,295,295,點解呀？,為什麼要借給你？,3,6,3,1.5,1.8,0.0,0.0,0.5408520829727551
hk/278,278,278,得你要做呀？,不是只有你有功課做！,6,9,3,1.8,2.25,0.0,12.5,0.5387193639781542
hk/356,356,356,你而家last-touch喎。,你最後一個踫它。,5,8,3,1.5,2.2857142857142856,0.0,0.0,0.5313971551975981
hk/210,210,210,一路做功課就一路聽！,去做功課，別吵著我！,7,9,2,1.6666666666666667,2.625,0.0,12.5,0.5219170423201268
hk/90,90,90,快啲交換啦，交換啦！,交換看！,8,3,5,2.0,1.5,0.0,0.0,0.5189155373473684
hk/501,501,501,噉根本就唔識廟街個啲……又同客傾偈啦，飲酒啦，嗰啲啦。,根本不懂得跟客人相處。,20,7,13,3.1578947368421053,2.0,15.789473684210526,0.0,0.5150356138663066
hk/467,467,467,由細到大都中意唱歌嘅？,從小就喜歡唱歌？,9,5,4,1.875,1.5,0.0,0.0,0.5144262074256609
hk/160,160,160,唏！唔記得囉喎！,我忘了！,6,4,2,1.8,1.3333333333333333,0.0,0.0,0.5103604198119541
hk/69,69,69,算你啦！,算你乖！,4,4,0,2.0,2.0,0.0,0.0,0.5
hk/251,251,251,我話畀媽咪知！,我要跟媽媽說！,6,6,0,2.2,2.0,0.0,0.0,0.49999999999999994
hk/534,534,534,係呀，冇而家噉樣㗎，二十、二十㗎，冇㗎，呀，嗰陣時真係好闊佬㗎。,不像現在二十塊、二十塊這樣，真的很闊綽。,25,14,11,4.625,3.6153846153846154,16.666666666666668,23.076923076923077,0.49951835841685077
hk/384,384,384,真係要我教訓，係咪呀？,真的要我出手才行？,8,7,1,1.7142857142857142,2.3333333333333335,0.0,0.0,0.49868891325136866
hk/905,905,905,我哋又點去到第二點，去選立法會嘅主席呢？,試問怎能進入第二款選舉立法會主席的程序？,15,12,3,3.0714285714285716,2.727272727272727,14.285714285714286,9.090909090909092,0.4978458168707814
hk/482,482,482,我個-我藝名叫做金燕子，係呀，金燕子，係呀，係我喺廟街，呢個廟街嘅藝名-藝名嚟㗎。,我藝名叫金燕子，是我在廟街的藝名。,31,12,19,4.1,3.5454545454545454,20.0,27.272727272727273,0.4863288850069029
hk/189,189,189,黐埋一齊嗰個叫histogram吖嘛。,那是直方圖。,8,4,4,1.7142857142857142,1.3333333333333333,0.0,0.0,0.4834585933443497
hk/721,721,721,噉，我就，呀，規程問題啦。,我想就此提出規程問題。,11,8,3,3.9,2.142857142857143,30.0,0.0,0.4815553323952642
hk/670,670,670,噉呢，然後讓我哋可以喺一個嘅有秩序底下裏便呢，進行我哋今日嘅主席嗰個嘅投票嘅過程㗎。,讓我們今天可以有秩序地進行選舉主席的程式。,29,13,16,5.0,3.75,28.571428571428573,16.666666666666668,0.48036838681953287
hk/420,420,420,去咗邊度呀，佢？,弄到哪裏去了？,7,6,1,3.0,2.8,16.666666666666668,0.0,0.47704164230262996
hk/988,988,988,繼續啦，你！,請你繼續。,5,4,1,2.5,2.0,0.0,0.0,0.46460599000146535
hk/372,372,372,你啲拖鞋達達聲嘈醒阿爺呀！,你的拖鞋聲很吵！,9,6,3,2.25,1.4,0.0,0.0,0.46058300308073974
hk/744,744,744,最好畀原裝我哋添啦。,而最好當然是正本。,7,7,0,2.6666666666666665,2.1666666666666665,0.0,0.0,0.456454251825942
hk/303,303,303,刷你嘅牙啦！,你專心刷牙啦！,6,5,1,3.0,1.5,0.0,0.0,0.45328338368767385
hk/60,60,60,我默書一百分呀。,我默書一百分。,6,5,1,1.8,1.75,0.0,0.0,0.45328338368767385
hk/315,315,315,有冇着數先？,對我有什麼好處？,5,6,1,2.5,1.6,0.0,0.0,0.4532833836876738
hk/28,28,28,吖，掰掰啦，同小朋友掰掰。,跟小朋友說再見。,9,5,4,2.625,1.25,12.5,0.0,0.4529508565224797
hk/334,334,334,九零三，九零三吖！快啲啦！,快轉到九零三！,9,5,4,2.375,1.75,0.0,0.0,0.4529508565224797
hk/657,657,657,或者有啲嘅地方需要澄清。,要求候選人就某些方面作出澄清。,8,8,0,2.2857142857142856,2.5714285714285716,14.285714285714286,14.285714285714286,0.45281953111478324
hk/703,703,703,噉，我就會係，欸……邀請大家提出你個議程規程嘅內容出唻嘅。,我會邀請大家發言。,21,6,15,3.7,1.8,20.0,0.0,0.4525278630230437
hk/978,978,978,嗱，剛才呢，個個會議進程呢，係非常之好嘅……,剛才的會議本來進行得很好……,17,9,8,3.3125,1.875,18.75,0.0,0.44786989370643915
hk/435,435,435,即係點樣呀？係動聽。,不用唱得很好聽、很動聽。,7,9,2,2.3333333333333335,2.375,0.0,12.5,0.447085693131969
hk/714,714,714,而解釋呢，都聽咗嘞。,我們已聽罷他的解釋。,9,8,1,2.375,2.142857142857143,0.0,0.0,0.4371580136158019
hk/139,139,139,呀，仲走喎！,別跑！,6,3,3,1.6,1.0,0.0,0.0,0.43709270815304424
hk/953,953,953,噉，點解你唔同佢哋講呀？,為何你這些話不跟他們說？,10,9,1,2.888888888888889,2.5,11.11111111111111,12.5,0.4323551443495976
hk/969,969,969,冇錯，點解你而家可以講嘢，我而家唔係-我而家唔係霸尖。,我不是插隊發言，主席。,20,8,12,4.0,2.142857142857143,15.789473684210526,0.0,0.4281265286306568
hk/349,349,349,轉個圈啦，不如。,轉個圈看看。,7,5,2,3.0,2.5,16.666666666666668,0.0,0.42667209917704874
hk/265,265,265,有咩好聽唧？,都不知有什麼好聽。,6,8,2,2.8,1.7142857142857142,0.0,0.0,0.4252835873133535
hk/607,607,607,做咩呀？,有甚麼事？,3,4,1,1.5,2.0,0.0,0.0,0.4252835873133535
hk/437,437,437,我唱下呢個誒，男兒當自強，下嘛，幾雄壯呀。,比如說《男兒當自強》，多雄壯！,15,8,7,3.2857142857142856,1.7142857142857142,21.428571428571427,0.0,0.4242935126509045
hk/363,363,363,繼續講啦！係啦，係啦，繼續講！講快啲啦！,說快一點！,18,4,14,3.411764705882353,1.6666666666666667,17.647058823529413,0.0,0.423121039310249
hk/415,415,415,我對呢個-唱歌好有興趣嘅。,我很喜歡唱歌。,11,5,6,2.6,1.5,10.0,0.0,0.41840479739882896
hk/339,339,339,呢個係九零三嚟㗎喇喎。,這就是九零三。,9,5,4,2.375,1.75,0.0,0.0,0.4149331812716075
hk/752,752,752,而因為我，一來我唔係一個-即係法律嘅-嘅背景嘅一個嘅議員啦。,因為我既非具有法律背景的議員。,22,10,12,4.809523809523809,4.111111111111111,33.333333333333336,33.333333333333336,0.4122768267495615
hk/423,423,423,幫人做咗幾年喇，做咗幾年。後尾，ei1做，誒做咗幾年呢。,幫別人打工幾年了。,25,7,18,3.125,3.1666666666666665,16.666666666666668,16.666666666666668,0.41164980603629864
hk/196,196,196,我播畀你聽，你等我一陣。,我播給你聽。,11,6,5,2.4,2.0,10.0,0.0,0.41072768685506494
hk/511,511,511,畀我一個困難呢，係歡樂。,是歡樂。,10,3,7,4.111111111111111,1.0,33.333333333333336,0.0,0.4077660030601058
hk/168,168,168,我過到去呀，驚做電燈膽呀。,我才免得做電燈泡。,9,6,3,2.75,1.8,25.0,0.0,0.4038651147483392
hk/105,105,105,最衰都係嗰個無綫啦！,都是無線電視的錯！,9,6,3,2.375,2.2,0.0,0.0,0.40386511474833914
hk/166,166,166,又話拎啲嘢畀你阿哥！,剛剛才說要拿去哥哥那邊！,9,9,0,2.25,2.0,12.5,12.5,0.4025062498798073
hk/655,655,655,噉，而第二部份呢，就應該係，依一個嘅-進行我哋，議會嘅主席嘅選舉。,而第二部分是選舉立法會主席。,25,8,17,3.6666666666666665,1.8571428571428572,25.0,0.0,0.40227794640866205
hk/32,32,32,行得未呀？,弄好沒有嗎？,5,5,0,2.5,2.5,0.0,0.0,0.4
hk/50,50,50,找返你三十⋯⋯,找你三十三塊六,5,5,0,2.5,1.5,0.0,0.0,0.4
hk/620,620,620,太新啲歌。,太新的歌。,5,5,0,1.75,1.25,0.0,0.0,0.4
hk/630,630,630,三十乘三十啦？,三十乘三十吧？,5,5,0,2.0,1.75,0.0,0.0,0.4
hk/638,638,638,因住整爛呀！,小心弄破了！,5,5,0,1.75,1.5,0.0,0.0,0.4
hk/70,70,70,乖乖地要畀心機讀書呀，知唔知呀，繼續？,要繼續乖乖讀書。,14,5,9,3.3076923076923075,1.75,15.384615384615385,0.0,0.3993714434302662
hk/281,281,281,唔得呀，得呢份咋！,我只差這一份！,9,7,2,2.5,2.1666666666666665,12.5,0.0,0.39636791110888914
hk/947,947,947,我做決定有-可以錯，可以對。,我的決定可以是錯或對。,11,9,2,2.1,1.875,0.0,0.0,0.39231791204834077
hk/541,541,541,我企喺度都，你哋都喺度唱。,我站在那邊你們還唱呢！,10,9,1,2.7777777777777777,2.5,11.11111111111111,12.5,0.3914329774095755
hk/492,492,492,噉，終於有個朋友呢，佢介紹我去酒樓夜總會唱歌。,終於有個朋友介紹我在酒樓夜總會唱歌。,16,11,5,2.8666666666666667,2.4,13.333333333333334,10.0,0.3893251779987206
hk/150,150,150,喂呀，啲閃喺佢度呀，原來。,原來閃卡都在哥哥新家。,12,8,4,2.4545454545454546,2.2857142857142856,9.090909090909092,0.0,0.3891844496045106
hk/408,408,408,吓，噉都畀你搵到呀？,竟然能找到！,10,5,5,2.3333333333333335,1.5,0.0,0.0,0.38676687467547965
hk/662,662,662,噉，我而家呢，依個時間呢，就讓大家呢，就出出去出便嗰度呢-誒……如果關心嘅同事吓，就喺出便去聽下梁君彥議員佢作出交待。,我現在請關注此事的議員到會議廳外，聽取梁君彥議員的交代。,42,18,24,4.2439024390243905,3.5294117647058822,19.51219512195122,11.764705882352942,0.38578538450549277
hk/784,784,784,喔，第二位嘅就係許智峰議員。,第二位想提出規程問題的議員是許智峯議員。,10,12,2,2.2222222222222223,2.1818181818181817,11.11111111111111,9.090909090909092,0.3844504069170783
hk/757,757,757,但係你-正話你噉樣講呢，佢做咗主席呢，就不能夠有，呀，居留權。,……但按照你剛才的說法，作為立法會主席便不能夠擁有外國居留權。,24,18,6,3.5217391304347827,3.0588235294117645,17.391304347826086,11.764705882352942,0.38372925709847233
hk/460,460,460,《分飛燕》呀，日日都，好似呢排都有。,《分飛燕》呀什麼的。,14,7,7,2.8461538461538463,2.6666666666666665,15.384615384615385,0.0,0.38218356061261416
hk/664,664,664,噉，我而家係宣佈係咁多。,我的發言到此結束。,10,6,4,2.111111111111111,1.4,0.0,0.0,0.38100652167845855
hk/174,174,174,邊個中意黎明呀？,哪有人喜歡黎明？,5,6,1,1.75,1.6,0.0,0.0,0.38100652167845855
hk/654,654,654,而第一部份呢，就係剛才大家已經經歷過嘞，就係宣誓嘅過程。,第一部分是剛才大家已完成的宣誓。,20,10,10,3.3684210526315788,2.6666666666666665,21.05263157894737,22.22222222222222,0.3801503120132196
hk/967,967,967,請大家坐低先，請大家靜下先，請靜下先，請靜下先，請大家靜下先。,請大家坐下，並保持肅靜。,28,9,19,4.814814814814815,3.125,18.51851851851852,25.0,0.3760236173830857
hk/843,843,843,我係第一次參與呢個會議。,我是第一次參與立法會會議。,8,8,0,2.142857142857143,2.142857142857143,14.285714285714286,0.0,0.375
hk/853,853,853,一個書面-一個有法律效力嘅文件，呢個係一個如此簡單嘅事情。,要求提供一份書面和具有法律效力的文件，本應很簡單。,21,16,5,3.85,4.2,35.0,33.333333333333336,0.3747643631563545
hk/17,17,17,你⋯⋯同我睇啦！,你跟我一起看吧！,7,7,0,1.8333333333333333,1.8333333333333333,0.0,0.0,0.3746508927026093
hk/449,449,449,每天對住啲人又笑，人哋肯幫你咖嘛。,對著客人要嬉皮笑臉，那別人才會幫你的！,14,14,0,2.0,3.1538461538461537,0.0,15.384615384615385,0.3746508927026093
hk/98,98,98,啲卡都冇咗啦。,都不知去哪兒了。,7,7,0,1.6666666666666667,2.0,0.0,0.0,0.3746508927026093
hk/417,417,417,噉呀，噉，有啲人退咗休就頂畀我。噉就頂嚟做囖。,上一手退休便讓給我，我就接手啦。,23,14,9,3.0,2.3846153846153846,9.090909090909092,15.384615384615385,0.37265228989251376
hk/532,532,532,以前唔係㗎，圍到嗰個欄行滿晒㗎。,以前不是這樣的，欄杆那邊圍滿人。,14,12,2,3.1538461538461537,2.6363636363636362,15.384615384615385,9.090909090909092,0.37212605906088086
hk/292,292,292,ＯＫ，好，掰掰！,好的，再見！,6,5,1,2.6,2.25,0.0,0.0,0.3717769009686913
hk/936,936,936,你問我個理由呢，我解釋畀你聽嘞。,你問我理據是甚麼，我已向你作出解釋。,14,14,0,2.923076923076923,3.5384615384615383,7.6923076923076925,15.384615384615385,0.3710842687701138
hk/785,785,785,主席，我想你清醒啲諗一諗呢……,主席，我想你清醒地想想，我們今天是否……,10,14,4,2.6666666666666665,2.4615384615384617,11.11111111111111,7.6923076923076925,0.3704097373638041
hk/896,896,896,主席呀，我而家有冇管-我第一個問題，我修正吖。,主席，那麼我修正我第一個問題。,18,10,8,3.1176470588235294,2.5555555555555554,11.764705882352942,0.0,0.36951964809498966
hk/802,802,802,就係我哋有議員呢，係冇，呀，一個合理理由呢，就係圍住你嘅檯嘅後便啦。,有議員沒有合理理由而在你身後及旁邊站着。,29,14,15,4.071428571428571,4.0,17.857142857142858,30.76923076923077,0.3693813620956042
hk/104,104,104,用下用下壞㗎啦。,用耐了便壞。,8,6,2,2.0,1.6,0.0,0.0,0.3666813166402925
hk/689,689,689,噉呀，而家呢，就想問問嘞，如果邊個-頭先邊個提，誒……有舉手話過提問嘅？,我現在想問一問，剛才有哪些議員曾舉手想提出規程問題？,27,16,11,4.076923076923077,2.6666666666666665,23.076923076923077,6.666666666666667,0.3665159312448145
hk/956,956,956,點解你唔將呢句說話-點解你同我講，唔同你隔籬嗰啲人講呀？,為何你這些話祇對我說，卻不對你身旁的人說？,23,18,5,3.8636363636363638,3.823529411764706,27.272727272727273,29.41176470588235,0.36648426435765274
hk/162,162,162,哎！等等等等我嚟！,我來，我來！,9,6,3,1.625,2.2,0.0,0.0,0.3658632937969323
hk/117,117,117,聽日畀你睇返啲錄影帶！,明天再給你看錄影帶！,8,7,1,2.142857142857143,2.0,0.0,0.0,0.36519003396811384
hk/121,121,121,爺爺，你畀我睇埋啦！你畀我睇埋啦！,爺爺，你給我看吧！,16,8,8,2.6,2.0,6.666666666666667,0.0,0.3623008763572907
hk/966,966,966,希望你請嗰啲喺出便嘅議員返返去嗰個位嗰度。,希望你請那些在你身旁的議員返回座位。,15,12,3,3.357142857142857,3.4545454545454546,14.285714285714286,27.272727272727273,0.3601343882307612
hk/669,669,669,嗱，復會嘅時間呢，我當然-我期望呢，所有同事係坐返自己原來嘅位置。,會議現已恢復，我希望所有同事返回自己的座位。,24,14,10,2.869565217391304,2.230769230769231,13.043478260869565,7.6923076923076925,0.35854797928368043
hk/246,246,246,除非⋯⋯你買本Yes!畀我。,要不⋯⋯你買新一期Yes!送我。,9,11,2,2.25,3.1,0.0,20.0,0.35835102814894676
hk/738,738,738,嗱，因為呢，我哋依個立法會嘅主席嘅選舉呢，係按照依個《議事規則》嘅附表第一嘅程序進行嘅。,由於立法會主席的選舉須按照《議事規則》附表一所訂的程序進行。,29,19,10,4.857142857142857,4.0,32.142857142857146,22.22222222222222,0.3583408311103235
hk/450,450,450,對即使啲乞兒呀，呢啲，呀，飲醉酒、醉貓呀，喺呢度飲醉酒呀，或者乞兒好臭呀，我都唔鬧佢哋嘅，照坐。,即使很臭的乞丐、醉酒的人我都不會趕他們走。,41,17,24,4.15,2.6875,15.0,6.25,0.35821558080847954
hk/416,416,416,初初呢，就由唱歌而-而嚟嘅，噉，後尾呢，唱唱下，中意做嘞。,起初是來唱歌的，漸漸就變成工作。,23,11,12,3.5,2.9,27.272727272727273,20.0,0.35819469330513065
hk/531,531,531,誒，老一輩嗰啲呢，已經過咗身㗎呢，都去咗七七八八㗎喇。,老一輩差不多都老死了。,20,8,12,3.263157894736842,1.7142857142857142,15.789473684210526,0.0,0.35598588000714826
hk/897,897,897,我而家有冇權參加呢一個會議呀？,我想問我現在究竟有沒有權參加這個會議？,12,14,2,3.272727272727273,2.6153846153846154,9.090909090909092,7.6923076923076925,0.3532691283803616
hk/866,866,866,噉，所以我希望主席你明白而家有兩個好大問題擺喺我哋面前。,我希望主席明白大家面前有兩大問題。,20,11,9,2.5789473684210527,2.4,5.2631578947368425,10.0,0.35169031182612487
hk/694,694,694,而家我祇係呢，係因為根據會議規則啦……,我祇是執行會議規則。,13,6,7,3.0,1.8,8.333333333333334,0.0,0.35110467278486507
hk/4,4,4,剩落呢啲都係冇用㗎喇！,餘下的都沒用！,9,5,4,1.875,1.5,0.0,0.0,0.35051081046955346
hk/656,656,656,噉呢，但係不過呢，我知道亦都明白到有同事呢，對於我哋嘅候選人-我哋嘅主席嘅候選人呢，嘅國籍問題呢，有啲嘅意見。,我知道有同事對主席候選人的國籍問題有些意見。,39,14,25,4.2368421052631575,2.8461538461538463,18.42105263157895,15.384615384615385,0.34705354857129644
hk/530,530,530,即係佢唔想見到，誒，冇咗呢個檔口。噉就有啲特色喺度囖。,他不想廟街失去這樣的特色檔口！,23,10,13,3.227272727272727,2.4444444444444446,9.090909090909092,11.11111111111111,0.345981249568862
hk/226,226,226,明明啲CD同而家一樣都係一百蚊倒咋嘛。,唱片也跟現在一樣，一張一百元左右。,13,12,1,3.0,2.727272727272727,16.666666666666668,9.090909090909092,0.34575198916313243
hk/536,536,536,噉，噉嗰陣時黃、賭、毒，百花齊放吖嘛，最-最搵到錢嗰陣時。,那時候黃、賭、毒百花齊放，最能賺錢的年代。,21,15,6,3.4,3.142857142857143,25.0,21.428571428571427,0.3435903806340187
hk/833,833,833,我覺得即係作為一個，誒-今次選主席啦，而依件事嘅後果呢，係可以好大嘅，可以帶嚟一個憲政嘅一個危機。,我認為今次選舉主席，後果十分重大，足以帶來憲制危機。,40,16,24,3.948717948717949,2.7333333333333334,25.641025641025642,13.333333333333334,0.34349928026336285
hk/709,709,709,噉就，希望如果其他問題嘅話呢，就希望你透過其他嘅場合裏面去發表你嘅意見-嘅提問。,如果有其他問題，請議員在其他場合提出。,27,12,15,3.576923076923077,2.4545454545454546,15.384615384615385,9.090909090909092,0.33867404284692587
hk/724,724,724,我哋最緊要就係要嗰封，呀，放棄國籍聲明，呀，所謂係，呀，Declaration_of_Renunciation_of_UK_citizenship。,我們最主要想看的是那份「放棄國籍」聲明（Declaration_of_Renunciation_of_British_Citizenship）。,24,18,6,3.5652173913043477,2.7058823529411766,17.391304347826086,17.647058823529413,0.3386399898956883
hk/456,456,456,所以我做，冇人贊成我做嘅。係我自己，我-我呢個人唔聽人講嘅。,所以沒有人贊成，但我就是偏偏不聽別人的話。,27,16,11,3.076923076923077,3.066666666666667,11.538461538461538,13.333333333333334,0.3376444274149065
hk/874,874,874,梁君彥如果過倒海呢，佢義不容辭呀，真係。,他當然樂意。,14,4,10,2.5384615384615383,1.3333333333333333,7.6923076923076925,0.0,0.33745711884167434
hk/109,109,109,我呢，同阿哥細細個嗰陣時，夜媽媽呢，都會特登走出廳嗰度呢，睇金田一㗎！,我和哥哥小時候也愛晚上偷偷出廳看金田一。,24,13,11,3.1739130434782608,2.5833333333333335,17.391304347826086,8.333333333333334,0.33590500748059315
hk/673,673,673,好，好呢，就係可唔可以呢-其他同事呢，都係返返埋去自己個座位嗰度呢，讓我哋嘅秘書都可以係，即係幫手，幫我即係做一啲嘅文書嘅工作，得唔得呢？,但請其他同事先行返回座位，讓秘書幫我做一些文書工作。,53,17,36,4.5,3.25,19.23076923076923,18.75,0.3345373018608415
hk/273,273,273,係呀，你快啲教我啦，唔識做呀。,你來教我吧。,15,6,9,3.5,2.0,21.428571428571427,0.0,0.33343005679346166
hk/115,115,115,走啦！,不行！,3,3,0,1.5,1.0,0.0,0.0,0.3333333333333333
hk/198,198,198,Badtaste！,沒品味！,3,3,0,1.0,1.5,0.0,0.0,0.3333333333333333
hk/332,332,332,執嘢！,收拾好！,3,3,0,1.5,1.5,0.0,0.0,0.3333333333333333
hk/409,409,409,點會係呢啲嘢？,怎會是這樣的？,6,6,0,1.8,1.8,0.0,0.0,0.3333333333333333
hk/57,57,57,係佢冇運啫。,只是他沒有什麼運氣。,6,6,0,1.8,1.8,0.0,0.0,0.3333333333333333
hk/97,97,97,咁多年㗎喇。,過了這麼多年。,6,6,0,1.6,2.4,0.0,0.0,0.3333333333333333
hk/742,742,742,我係要求……呢啲係好清楚嘅法律上嘅澄清呀。,我要求的是法律上的澄清。,15,9,6,3.7857142857142856,2.375,21.428571428571427,12.5,0.3328219470056484
hk/809,809,809,呀，我認為呢，有幾位議員呢，佢係冇，呀，依照誓詞嘅內容呢，係完成宣誓。,我亦認為有數位議員沒有依照誓詞的內容完成宣誓。,28,15,13,3.740740740740741,2.9285714285714284,14.814814814814815,14.285714285714286,0.3327662151844624
hk/137,137,137,做乜整壞我部機呀？,不要弄壞我的機。,8,7,1,2.857142857142857,2.3333333333333335,14.285714285714286,0.0,0.33250560358372544
hk/93,93,93,張閃卡本來係我㗎嘛。,那閃卡本應屬於我的。,7,8,1,1.6666666666666667,1.8571428571428572,0.0,0.0,0.33250560358372544
hk/838,838,838,噉，我希望-你剛才提到依個規程問題，點樣規程法呢？,剛才提到規程問題。,17,5,12,2.25,1.75,6.25,0.0,0.33215812858508087
hk/870,870,870,假如，佢-梁君彥係連正本都攞唔倒出嚟。,梁君彥議員連正本都拿不出來證明自己的國籍。,14,13,1,2.4615384615384617,2.5,7.6923076923076925,8.333333333333334,0.33146012432672245
hk/594,594,594,金剛郵輪九折喎！,金剛郵輪九折！,5,4,1,1.5,1.3333333333333333,0.0,0.0,0.33102365960920016
hk/61,61,61,畀我睇下。,讓我看看。,5,4,1,2.0,2.0,0.0,0.0,0.33102365960920016
hk/108,108,108,都係過咗十二點幾先瞓。,差不多半夜一時才去睡。,10,8,2,3.2222222222222223,1.5714285714285714,33.333333333333336,0.0,0.3310236596092001
hk/141,141,141,走唔倒喇！,沒力氣啦！,5,4,1,2.5,2.0,0.0,0.0,0.3310236596092001
hk/194,194,194,你未聽呀？,未聽過？,5,4,1,1.5,1.3333333333333333,0.0,0.0,0.3310236596092001
hk/37,37,37,戰鬥力超勁！,很強的戰鬥力！,4,5,1,1.3333333333333333,1.25,0.0,0.0,0.3310236596092001
hk/42,42,42,整出嚟呀！,小心別跌出來！,4,5,1,2.0,1.5,0.0,0.0,0.3310236596092001
hk/91,91,91,攞嚟啦！,拿來看看吧！,4,5,1,2.0,2.5,0.0,0.0,0.3310236596092001
hk/528,528,528,嗯，三十年嚟，冇咩經驗囖，經驗呢，都係，誒，讚多過彈囖。,三十年來……又沒有什麼特別經驗，經驗算上讚比罵多。,24,18,6,2.8260869565217392,2.764705882352941,17.391304347826086,11.764705882352942,0.33056066170925524
hk/205,205,205,噉我係要聽吖嘛！,我要聽電台！,7,5,2,2.1666666666666665,1.5,0.0,0.0,0.3280899954392096
hk/634,634,634,都嗌你度好個尺寸。,說了你要量好尺寸。,8,8,0,2.4285714285714284,2.5714285714285716,14.285714285714286,14.285714285714286,0.32781953111478324
hk/986,986,986,你頭先……你坐低咗。,梁頌恒議員，你剛才坐下來。,8,8,0,1.7142857142857142,2.0,0.0,0.0,0.3278195311147832
hk/7,7,7,佢日日都同女朋友去玩煮飯仔，鬼得閒理我哋咩？,他天天在新家與女朋友一起煮菜，都不管我們了。,15,16,1,2.9285714285714284,3.066666666666667,14.285714285714286,20.0,0.3264739280823708
hk/708,708,708,噉呢就，根據議事規則裏便唻講話呢，今日個規程問題呢，只能夠涉及到有關依個選舉個過程嘅情況嘅唧。,根據《議事規則》，今天的規程祇能夠涉及選舉過程。,33,15,18,4.84375,2.2857142857142856,28.125,7.142857142857143,0.3256193070199393
hk/129,129,129,嗰日之後呢，我哋開始識得玩㗎喇。,那天開始，我們懂得玩這個遊戲。,12,11,1,2.4545454545454546,2.1,0.0,0.0,0.3252958915423156
hk/319,319,319,等陣先，等陣先！,等等！,6,2,4,2.4,1.0,0.0,0.0,0.32501121082417717
hk/321,321,321,等陣先，等陣先！,等等！,6,2,4,2.2,1.0,0.0,0.0,0.32501121082417717
hk/767,767,767,我主持一樣嘢，好簡單唧，即係，你講得啱呀。,……你說得對。,18,6,12,3.5294117647058822,1.8,17.647058823529413,0.0,0.325011210824177
hk/730,730,730,噉，但係，剛才你想係，aam6，澄清阿梁君彥議員呢，嗰個，即係都係，國籍問題啦，下。,但你卻要求澄清梁君彥議員的國籍問題。,29,11,18,5.642857142857143,2.7,32.142857142857146,10.0,0.32453747052907167
hk/202,202,202,開咩電視唧？,開電視幹什麼？,5,5,0,2.5,1.5,0.0,0.0,0.3245112497836532
hk/566,566,566,嗱，包你啦……誒……誒……郵費、旅行費啦……誒……酒店費啦。,給你付……船費、旅行費、酒店費。,20,10,10,3.1052631578947367,2.2222222222222223,15.789473684210526,11.11111111111111,0.32451124978365314
hk/565,565,565,嗱，我全程包晒你啦，,你的錢我全程都付了。,10,10,0,2.3333333333333335,2.111111111111111,0.0,0.0,0.3245112497836531
hk/390,390,390,喂呀，特登同李嘉祺換㗎！,喂，我特意跟朋友交換回來的！,9,10,1,2.25,2.4444444444444446,12.5,11.11111111111111,0.32410611491837177
hk/795,795,795,噉證明我哋個宣誓嘅過程出咗問題。,這證明宣誓過程出現問題。,11,7,4,2.6,2.0,20.0,0.0,0.32389281429033284
hk/875,875,875,所以我唔覺得，喺呢度會問嘅問題-大家問題，其實我-係好具體㗎。,我覺得大家剛才問的問題都很具體。,23,11,12,3.0454545454545454,3.0,18.181818181818183,20.0,0.3231827501814103
hk/290,290,290,我轉頭搵你吖！,待會兒我再打給你！,6,7,1,1.8,2.0,0.0,0.0,0.32294096519424864
hk/5,5,5,噉都要執！,也總要有人收拾！,6,7,1,1.8,1.8333333333333333,0.0,0.0,0.32294096519424864
hk/92,92,92,最衰都係爺爺啦。,都是爺爺的錯。,7,6,1,1.6666666666666667,2.2,0.0,0.0,0.32294096519424864
hk/358,358,358,你搞返掂佢呀。,你要負責弄好。,7,6,1,2.6666666666666665,1.6,0.0,0.0,0.3229409651942486
hk/812,812,812,如果不能夠完成宣誓……,由於未能完成宣誓，因此不能參與選舉。,6,12,6,1.8,2.1818181818181817,0.0,9.090909090909092,0.32230572889623305
hk/518,518,518,頭先又話夜總會嗰時呢，嗰時廟街係同而家有冇分別。,你剛說夜總會那年代的廟街跟現在有分別嗎？,16,14,2,3.1333333333333333,1.7692307692307692,20.0,0.0,0.3219270495903412
hk/128,128,128,你哋成日都唔幫我錄㗎啦。,你們常常都忘了幫我錄。,10,9,1,3.0,2.125,11.11111111111111,0.0,0.32170434029453987
hk/341,341,341,哦，收唔到喇。,接收不到，你弄壞了。,7,9,2,2.1666666666666665,2.75,0.0,12.5,0.32153656192073127
hk/425,425,425,若果佢唔炒我魷魚呢，我自己就開唔到呢一度。,否則我便不能自己開這個檔口。,18,11,7,2.764705882352941,3.1,11.764705882352942,10.0,0.32078987412560644
hk/822,822,822,即係等如我哋其他選舉一樣，大家都明白，可能都會質疑唔同嘅候選人，佢，呀，某啲嘅聲明有誤。,正如其他選舉一樣，有人可能會質疑不同候選人的某些聲明有誤。,29,17,12,3.7857142857142856,2.375,14.285714285714286,12.5,0.3204615543711373
hk/792,792,792,係監誓員秘書長呢，係冇處理到佢哋嘅宣誓。,由於負責監誓的秘書長沒有處理他們的宣誓。,13,11,2,2.8333333333333335,2.5,8.333333333333334,10.0,0.31948767534306377
hk/813,813,813,而我嘅-亦都理解到呢，秘書長已經係畀多咗一次機會呢，所有，呀，佢有懷疑嘅議員呢，佢去再去宣誓嘞。,而秘書長亦對所有他懷疑未能完成宣誓議員給予多一次宣誓的機會。,38,20,18,4.864864864864865,4.578947368421052,21.62162162162162,36.8421052631579,0.3192536567357641
hk/418,418,418,唱歌咪可以誒，抒發自己內心嘅，唔開心嘅嘢啦，下，或者又抒發自己開心嘅嘢啦，係。,唱歌就是可以抒發開心與不快樂的。,29,11,18,4.107142857142857,2.6,28.571428571428573,10.0,0.3188789585542326
hk/217,217,217,你覺得呢，Eason同千嬅有冇機會一齊吖嗱？,你覺得陳奕迅同楊千嬅最後會一起嗎？,13,10,3,4.416666666666667,3.6666666666666665,33.333333333333336,33.333333333333336,0.3175919464095675
hk/1001,1001,1001,選-《議事規則》裏便，係有清楚-講到明，我哋呢一個，由宣誓去到選主席嘅程序。,《議事規則》已清楚訂明由議員宣誓至選舉主席的程序。,29,17,12,4.285714285714286,3.1875,21.428571428571427,12.5,0.3168667231993714
hk/787,787,787,我哋今日係咪應該再繼續，誒，落去會議，去選主席呢？,……我們是否應該繼續進行會議並選舉主席。,17,12,5,3.25,2.1818181818181817,12.5,9.090909090909092,0.31643984906106504
hk/436,436,436,依個，全部都自-自發性嘅。早諗起嗰首歌，係嗰首歌可以舒緩我自己嘅。,全都是自發性的，可以抒發自己。,25,10,15,3.2083333333333335,2.3333333333333335,16.666666666666668,11.11111111111111,0.316419954947909
hk/954,954,954,你唔叫佢哋去法庭上高，執行你決定嘅決定呀？,為何你不叫他們向法庭提出要執行你的決定？,15,14,1,3.2857142857142856,2.4615384615384617,14.285714285714286,7.6923076923076925,0.313924817149355
hk/987,987,987,我以為你發完……我問咗你有冇發言嘑，好，你發-你發言啦！,我以為你已發言完畢。,24,7,17,4.260869565217392,2.1666666666666665,21.73913043478261,0.0,0.3122578569475574
hk/625,625,625,玩得開心就得㗎啦……,玩得開心……,8,4,4,2.0,2.0,0.0,0.0,0.31127812445913294
hk/279,279,279,大蝦細！,以大欺小！。,4,2,2,1.3333333333333333,1.0,0.0,0.0,0.31127812445913283
hk/49,49,49,一百。,收你一百。,2,4,2,1.0,2.0,0.0,0.0,0.3112781244591327
hk/926,926,926,所以，呢個係邏輯上，你唔好搞錯咗先，如果唔係嘅話，你噉樣做法係冇可能嘅。,所以，你不要搞錯這個邏輯。,28,10,18,3.925925925925926,2.3333333333333335,18.51851851851852,0.0,0.3111302124204797
hk/502,502,502,噉我當時個內心都覺得好唔開心呀，覺得好似好委屈自己。,其實當時的內心很不開心，覺得好像好委屈自己⋯⋯,18,14,4,3.176470588235294,2.4615384615384617,17.647058823529413,15.384615384615385,0.3094797783381923
hk/474,474,474,以前歌廳有個-有個箱嘅。,以前歌廳就不同了。,10,6,4,2.111111111111111,1.8,0.0,0.0,0.30872965966924326
hk/212,212,212,關你鬼事呀？殊！,關你什麼事？,8,5,3,3.142857142857143,2.5,14.285714285714286,0.0,0.3084050417339981
hk/912,912,912,繼續響應阿-阿謝偉俊議員。,我和應謝偉俊議員。,8,5,3,2.4285714285714284,1.5,14.285714285714286,0.0,0.3084050417339981
hk/302,302,302,做咩呀，你？,你在幹麼？,6,4,2,2.6,1.3333333333333333,0.0,0.0,0.30807904596723146
hk/45,45,45,走啦，快啲！,該走了！,6,4,2,2.2,1.3333333333333333,0.0,0.0,0.30807904596723146
hk/228,228,228,但係細個嗰陣時就反而多多都買得起。,但在小時候反而有錢能把想要的唱片都全部購入。,11,16,5,2.9,3.466666666666667,10.0,20.0,0.30785501992778225
hk/33,33,33,得㗎啦，得㗎啦，係，呢度！好嘞！,快好了！,15,4,11,2.7857142857142856,1.3333333333333333,14.285714285714286,0.0,0.30772305546918394
hk/710,710,710,好嘑，而家請阿毛孟靜議員，唔該。,現在請毛孟靜議員提問。,11,6,5,3.5,2.0,20.0,0.0,0.30710278033786403
hk/225,225,225,嗰陣時啲CD舖仲多過而家啲七十一。,那時候唱片店比現在七十一還要多。,11,11,0,2.4,2.0,0.0,10.0,0.3070403410074304
hk/62,62,62,嘩！真係喎！好叻喎！,真聰明！,9,3,6,1.75,1.0,0.0,0.0,0.30609861135149646
hk/447,447,447,好火爆，都要變到好溫柔，好可愛。,以前脾氣火爆都要變得溫柔可愛。,13,10,3,2.3333333333333335,1.8888888888888888,8.333333333333334,0.0,0.3050561345089259
hk/524,524,524,因為呢，呢條街呢，就係日頭呢，就係誒，畀人行嘅，條路。,這條街早上是讓人行的。,25,10,15,3.3333333333333335,2.111111111111111,16.666666666666668,0.0,0.30480555152827654
hk/471,471,471,噉我-我跟住去咗夜總會，又唱咗一set。,然後就在夜總會唱一SET（四十五分鐘）。,15,12,3,2.7857142857142856,2.3636363636363638,7.142857142857143,9.090909090909092,0.3046569644309598
hk/22,22,22,舊陣時呢，龍珠係好興㗎。,龍珠曾經非常流行。,9,5,4,2.5,1.75,12.5,0.0,0.30373713194150875
hk/546,546,546,因為呢，就，誒，我，即係話有啲人投訴啦，吓，噉誒，話噪音啦。噉所以我哋十一點半呢，即係，應該係十一點就要收㗎喇。,因為有時候會有人投訴，說有噪音，所以我們十一點就要收檔。,43,18,25,4.166666666666667,2.8823529411764706,28.571428571428573,11.764705882352942,0.30169282733372754
hk/686,686,686,我作為一個會議嘅主持呢，我祇能夠係根據嗰個會議規則進行嗰個程序嘅唧。,作為會議主持人，我祇能根據會議規則進行程序。,23,13,10,3.9545454545454546,2.8333333333333335,27.272727272727273,16.666666666666668,0.3012178727868442
hk/959,959,959,你可唔可以中立啲？可唔可以公正啲，跟返《議事規則》做呀？,你可否保持中立和公正，按照《議事規則》來辦事？,22,15,7,2.8095238095238093,3.2142857142857144,14.285714285714286,21.428571428571427,0.30117426029643585
hk/800,800,800,因為，呢個呢，係憲制嘅工作，亦都係全港市民呢，都係，誒，睇住我哋做嘅。,因為這是憲制工作，亦是全港市民正在看着我們做的事情。,27,19,8,3.730769230769231,5.055555555555555,23.076923076923077,27.77777777777778,0.30074139259349186
hk/452,452,452,啲屋企人有冇話：「哎吔，唔好開歌檔呀，好大壓力呀。」,家人有說不要開歌檔嗎？,20,8,12,3.1052631578947367,2.2857142857142856,21.05263157894737,0.0,0.2999846244469539
hk/663,663,663,噉，我期望呢，我哋嘅會議呢，將會係喺兩點半呢，係正式再復會嘅。,我預期會議將在下午二時三十分正式恢復。,26,13,13,4.84,4.583333333333333,24.0,41.666666666666664,0.2995695310082652
hk/734,734,734,即係如果大家覺得阿梁君彥議員呢，或者未曾答倒你哋所提問嘅問題嘅話呢，噉，就變咗大家可以-可以呢……係去尋求……,如果大家認為梁君彥議員的答覆未能回應大家的提問，大家可以決定尋求……,36,19,17,4.771428571428571,3.2222222222222223,31.428571428571427,16.666666666666668,0.2993981261747187
hk/697,697,697,噉誒……而家呢，就我根據依個會議規則裏面呢，係祇能夠係主持依一個嘅投票依個過程嘅唧。,根據會議規則，我現在祇能主持投票的過程。,30,13,17,4.931034482758621,2.5,31.03448275862069,8.333333333333334,0.2986682243774965
hk/849,849,849,即係你有咩可能，一個候選人，佢嘅國籍尚未確定，我哋就開展成個程序？,怎可能在尚未確定候選人的國籍便開展整個程式？,23,14,9,3.409090909090909,3.3076923076923075,9.090909090909092,15.384615384615385,0.2980886464233154
hk/651,651,651,議員，各位議員，各位議員同事呢，剛才秘書處已經係作咗個嘅宣佈，五分鐘之後呢，就係，復會嘅。,剛才秘書處已宣布五分鐘後復會。,31,9,22,3.9,2.375,20.0,0.0,0.2972499611082714
hk/513,513,513,有乜傾呢，一味講，你返去自己問呀，你同你老豆老母有咩傾吖。,你回去自己想想，你和自己的老豆老母有什麼好談？,24,16,8,3.391304347826087,3.4,13.043478260869565,26.666666666666668,0.2966800804163573
hk/525,525,525,噉喺夜晚呢，即係隔籬左右呢，都係政府合署嘅。噉所以呢，冇乜人行街，噉就，好-好多人喺度開檔嘅。,晚上因為旁邊是政府合署已經關門，沒什麼人使用，很多人在這裡開檔。,34,20,14,4.2727272727272725,3.4210526315789473,27.272727272727273,15.789473684210526,0.2943683262181558
hk/750,750,750,係清楚寫咗喺度，就冇講到候選人嘅。,這方面已清楚訂明，但並沒有提及候選人。,13,12,1,3.5,2.727272727272727,25.0,9.090909090909092,0.2936559973734888
hk/348,348,348,你行去另一便試下。,你走到另一邊試試。,9,8,1,2.625,3.142857142857143,12.5,14.285714285714286,0.2934356963218767
hk/717,717,717,呀，嗰個copy呢，就原來不存在。,但相關的copy卻並不存在。,11,8,3,2.9,2.2857142857142856,20.0,14.285714285714286,0.2913839061201985
hk/387,387,387,送畀你送畀你個朋友吖！,我送給你再送給你的朋友！,10,11,1,3.4444444444444446,2.8,22.22222222222222,10.0,0.2911961932390407
hk/766,766,766,主席，噉，你坐喺度做咩㗎？,主席，那麼你坐在這裡做甚麼？,11,10,1,2.6,2.111111111111111,10.0,0.0,0.29119619323904067
hk/186,186,186,就搵返嗰橛出嚟，哦，就係噉！,啊，原來這樣！,13,5,8,2.8333333333333335,1.5,8.333333333333334,0.0,0.2903972713882311
hk/27,27,27,走啦，走啦⋯⋯走啦，走啦。,回家吧。,12,4,8,3.272727272727273,2.0,27.272727272727273,0.0,0.2900705665701646
hk/726,726,726,我-我-我哋係咪應該要等埋佢有呢個噉樣嘅文件喺手。,我們是否應待他收到有關文件。,19,11,8,2.7777777777777777,2.0,11.11111111111111,10.0,0.28615161874245415
hk/135,135,135,唏！做賊咁做。,唉！跟做賊差不多。,7,7,0,2.0,1.8333333333333333,0.0,0.0,0.2857142857142857
hk/155,155,155,噉我去咗邊呀？,那時我在去了哪裡？,7,7,0,2.1666666666666665,2.0,0.0,0.0,0.2857142857142857
hk/305,305,305,刷完快啲瞓呀！,刷好快些去睡！,7,7,0,1.8333333333333333,2.5,0.0,16.666666666666668,0.2857142857142857
hk/758,758,758,喂，你如果係選嘅話，一陣半個鐘頭之內，十分鐘之內添，佢就已經係主席㗎嘞。,但是，如果要進行選舉的話，有人將於稍後半小時，或十分鐘後便會當選主席。,26,24,2,4.6,3.782608695652174,20.0,21.73913043478261,0.2845586889204002
hk/652,652,652,噉呢，而家就過咗五分鐘時間。,現在時間已過了五分鐘。,11,8,3,2.4,2.142857142857143,0.0,0.0,0.2837787681061943
hk/461,461,461,不過我呢度唔唱粵曲，呀，呢度，歌。,不過我這裡不唱粵曲。,13,7,6,2.9166666666666665,1.8333333333333333,16.666666666666668,0.0,0.2837649254206406
hk/791,791,791,第二就係，正正你身後便嗰幾位議員，頭先我哋宣誓嘅時候，係遇到一啲，誒，障礙嘅。,第二，站在你身後的數位議員，剛才在宣誓時遇到一些障礙。,28,19,9,5.185185185185185,3.0555555555555554,25.925925925925927,16.666666666666668,0.2832651362691539
hk/723,723,723,噉，兩封，即使係政府發出嘅，信呢，就唔係一定係法律文件唻𠿪。,而即使兩封信都是由政府發出，但卻不一定是法律文件。,24,19,5,3.347826086956522,3.2777777777777777,17.391304347826086,16.666666666666668,0.28291370492278534
hk/848,848,848,佢呢個選舉，佢嚴謹嘅程度比一個大學生學生會嘅選舉更加不如。,但這次選舉的嚴謹程度比大學學生會選舉更不如。,18,14,4,2.823529411764706,2.6923076923076925,17.647058823529413,15.384615384615385,0.28266284906047706
hk/929,929,929,剛才你坐喺度嗰陣時候呢，亦都冇人去取消你資格，所以仍然呢，係畀你有資格去宣誓。,你先前在會議上就座，沒有人取消你的資格，所以你有資格宣誓。,29,21,8,2.4285714285714284,4.4,7.142857142857143,25.0,0.28254316189990114
hk/891,891,891,因為我主席都唔可以畀一個個人嘅意見，況且依啲係一個，誒m，又係憲制，又係法律嘅問題呢，噉，我唔畀任何嘅意見落去嘞。,由於主席不應加入個人意見，況且當中涉及憲制和法律的問題，我不宜給予任何意見。,43,24,19,5.595238095238095,3.391304347826087,23.80952380952381,13.043478260869565,0.28179367964088003
hk/548,548,548,屋企係咪呢個呢？,家裡的是這個嗎……,6,8,2,1.8,2.0,0.0,0.0,0.28160448414169187
hk/955,955,955,我而家決定咗囖！,我不是已決定了嗎？,6,8,2,1.8,2.2857142857142856,0.0,0.0,0.28160448414169187
hk/152,152,152,佢啱啱話畀我聽嘅。,他剛告訴我的。,8,6,2,2.5714285714285716,1.8,0.0,0.0,0.2816044841416918
hk/568,568,568,淨係坐郵輪嗰度都……,只是坐郵輪那一筆已經……,6,8,2,2.2,1.7142857142857142,0.0,0.0,0.2816044841416918
hk/865,865,865,佢語氣或者其他嘢，佢根本就唔能夠基於呢樣嘢作一個標準就係話自己冇-即係判斷自己冇權去監誓。,所以秘書長不能以語氣或其他條件為標準，判斷他無權監誓。,33,17,16,3.71875,3.8125,21.875,31.25,0.2810502255557148
hk/475,475,475,佢啲-掛住一個。,那邊會掛著一個箱。,8,8,0,2.142857142857143,2.2857142857142856,0.0,0.0,0.2806390622295664
hk/169,169,169,哎，知唔知呀？,你知道嗎？,7,4,3,2.1666666666666665,1.3333333333333333,0.0,0.0,0.28024978017756896
hk/219,219,219,而家Eason好失禮你咩？,你說陳奕迅有什麼不好？,7,8,1,2.0,2.0,0.0,14.285714285714286,0.2802497801775689
hk/280,280,280,你做過第二份先啦！,你先做其他功課吧！,8,7,1,3.0,2.1666666666666665,14.285714285714286,0.0,0.2802497801775689
hk/948,948,948,無論錯與對都好呢，今日我-我唔會同你爭論嘅，我唔會同你爭論嘅。,但無論如何，我今天不會跟你爭論。,27,12,15,4.038461538461538,3.727272727272727,23.076923076923077,27.272727272727273,0.278471712623959
hk/979,979,979,即係第四十二條講得好清楚……,……第四十二條清楚訂明……,9,7,2,2.25,2.0,12.5,0.0,0.27735338944940335
hk/859,859,859,而一個秘書長，佢唔能夠係基於完全冇法律理據，完全冇理由嘅一啲質疑，用佢個人嘅判斷係同佢-係同其他議員講佢係冇能力係主持呢個監誓。,而秘書長不能基於完全沒有法律理據的無理質疑，憑其個人判斷向其他議員表示他沒有能力主持監誓。,45,27,18,3.840909090909091,5.0,15.909090909090908,26.923076923076923,0.27624820013881635
hk/876,876,876,佢哋嘅候選人資格，以至我哋在坐可以投票嘅人嘅資格，我哋都未能夠釐清倒。,候選人的資格以至哪些議員合資格投票，我們都未能釐清。,22,16,6,3.5238095238095237,2.7333333333333334,14.285714285714286,13.333333333333334,0.2759895285596638
hk/385,385,385,快啲，扭開收音機過去再跳過！,快拿起收音機再跳！,11,7,4,2.9,1.6666666666666667,10.0,0.0,0.27593002036823366
hk/851,851,851,有人會話呢啲信件係可能已經證實咗，但呢個都祇不過係一個口頭上面嘅確認。,雖然有人指那些信件可證實其事，但都不過是口頭上的確認。,23,19,4,5.136363636363637,3.4444444444444446,31.818181818181817,16.666666666666668,0.27576848020827216
hk/861,861,861,就係要佢，或者要所有議員，係能夠成功噉樣完成個程序，然後進入去主席嘅選舉。,即讓所有議員能夠成功完成宣誓程式，然後才進行立法會主席選舉。,25,17,8,3.4166666666666665,3.5625,16.666666666666668,18.75,0.27481334078456876
hk/618,618,618,騎馬舞嚟㗎喎，呢個！,是騎馬舞啊！,8,4,4,3.142857142857143,1.3333333333333333,28.571428571428573,0.0,0.2743974703476993
hk/521,521,521,呀，我對呢個唱歌好有興趣嘅。初初呢，就由唱歌而-而嚟嘅。噉後尾呢，唱唱下，中意做嘞。,我很喜歡唱歌，起初是來唱歌的，漸漸就變成工作。,34,16,18,3.727272727272727,2.8666666666666667,24.242424242424242,13.333333333333334,0.27374231904410057
hk/934,934,934,冇錯，你講得啱，你可以質疑我依個做法。,你可以質疑我的做法。,15,7,8,3.642857142857143,2.1666666666666665,21.428571428571427,0.0,0.2724596479264723
hk/711,711,711,呀，好多謝阿主席。,感謝主席。,7,3,4,1.8333333333333333,1.5,0.0,0.0,0.27213631281624073
hk/653,653,653,噉，我就想同大家講講，其實今日呢，整個嘅會議過程呢，係分開幾部份㗎。,我想跟大家說，今天的會議分為兩部分。,25,13,12,4.583333333333333,2.75,29.166666666666668,8.333333333333334,0.27209045459710024
hk/783,783,783,如果你要講嘅話呢，你就由-你同依個秘書處嗰度-嗰度講。,如果你要提出，可以向秘書處提出。,20,10,10,3.526315789473684,2.0,21.05263157894737,0.0,0.2720146130309063
hk/854,854,854,我選立-我選呢個學生會，我都要畀個學生證佢睇下我係咪個學校嘅學生啦。,即使我參加學生會選舉，亦需提供學生證，證明我是大學的學生。,26,18,8,3.36,2.764705882352941,16.0,11.764705882352942,0.2719453548245273
hk/309,309,309,米嘈醒阿爺呀！,小心吵醒爺爺！,6,5,1,2.2,2.0,0.0,0.0,0.27104451158356513
hk/393,393,393,係咪呢餅呀？,就是這一盒？,5,6,1,1.5,2.2,0.0,0.0,0.2710445115835651
hk/56,56,56,唏！都唔知關咩事。,不知這是什麼邏輯。,9,7,2,2.25,2.6666666666666665,0.0,0.0,0.27081877989765135
hk/770,770,770,我第一樣嘢呢，就係乜嘢呢，就係進行依一個嘅主席嘅選舉投票。,第一，主持主席選舉的投票。,23,8,15,2.909090909090909,2.2857142857142856,13.636363636363637,0.0,0.2707656830411778
hk/951,951,951,我已經做咗決定出嚟呢，就係做咗決定。,我已作出決定。,14,5,9,3.1538461538461537,1.5,15.384615384615385,0.0,0.2703815912624806
hk/894,894,894,呀，噉嘅，我就-其實任何一個選舉裏便呢，不論係我哋以前做學生會嘅選舉，以至到今日我哋選主席……,任何一項選舉，不論是我以往參加過的學生會選舉，以至今天立法會主席的選舉……,32,23,9,5.258064516129032,3.727272727272727,29.032258064516128,31.818181818181817,0.26902727370717194
hk/944,944,944,我知你唔想做「醜人」，但係你都冇權力可以去overrule我哋個《議事規則》去做你呢個決定㗎。,你沒有權overrule《議事規則》作出這決定。,31,12,19,4.1,2.727272727272727,16.666666666666668,18.181818181818183,0.2689477134022794
hk/535,535,535,噉嗰班人就係水上嘅，即係躉船呀，運輸嘅。,他們都是水上人家，做躉船、運輸等。,16,11,5,3.066666666666667,2.3,20.0,10.0,0.26662740351486475
hk/353,353,353,高啲，再高啲！係啦，跳啦！,再高一些！,13,4,9,4.0,1.3333333333333333,33.333333333333336,0.0,0.26589281424210626
hk/346,346,346,你試下將條天線㨃出出便。,你試試把天線伸到窗邊。,10,9,1,2.3333333333333335,2.125,11.11111111111111,12.5,0.2657984845741244
hk/674,674,674,因為如果唔係呢，我即係，即係如果冇咗呢一個嘅秘書幫我做，就困難啲嘅，不過都唔係唔可以。,否則，沒有秘書幫忙，處理上會比較困難。,34,12,22,4.424242424242424,3.0,24.242424242424242,18.181818181818183,0.26579484224518574
hk/893,893,893,噉，就至於個-想同大家講講噉解唧。,祇供大家參考而已。,13,6,7,2.5833333333333335,1.6,8.333333333333334,0.0,0.26571628916351686
hk/448,448,448,對人好，人哋對我好，係咪呀？,我對別人好，別人就對我好！,12,11,1,1.7272727272727273,2.2,0.0,10.0,0.26531288812006304
hk/63,63,63,好啦！媽咪聽日煮雞翼獎勵你啦，好唔好？,媽媽明天煮雞翼獎勵你。,15,7,8,2.7142857142857144,1.8333333333333333,14.285714285714286,0.0,0.2648038639601016
hk/428,428,428,講你聽吖：你哋啲後生仔，我係過嚟人。,我告訴你們年輕的啊，我是過來人。,13,11,2,2.75,3.1,8.333333333333334,20.0,0.26474729113370565
hk/700,700,700,依個亦都係唔合法嘅。,是不合法的。,8,5,3,2.5714285714285716,2.0,0.0,0.0,0.263415079507804
hk/945,945,945,你根本冇power去做呢個決定㗎。,你根本沒有power作出這決定。,10,9,1,2.4444444444444446,1.875,22.22222222222222,0.0,0.26258823580546764
hk/287,287,287,我妹呢，有啲問題想問我呀。,我妹妹有功課不會。,12,7,5,2.4545454545454546,1.6666666666666667,18.181818181818183,0.0,0.26228463882202263
hk/249,249,249,你問同學借嚟睇咪算囖。,你在學校問朋友借來看好了。,10,10,0,1.8888888888888888,2.2222222222222223,11.11111111111111,11.11111111111111,0.2622556248918266
hk/289,289,289,係呀，好煩㗎，佢。,對，她有點煩人。,9,6,3,2.75,3.0,12.5,0.0,0.26210391897722135
hk/862,862,862,所以呢一個-秘書長陳維安佢頭先嘅決定呢，或者判斷呢，其實係-完全係一個arbitrary_use_of_power，係完全係，冇任何基礎嘅一個判斷嚟㗎。,所以，秘書長陳維安剛才的決定或判斷完全是arbitrary_use_of_power，是完全沒有任何基礎的判斷。,40,21,19,4.410256410256411,3.7,20.512820512820515,25.0,0.26189725329434704
hk/943,943,943,唔好意思，唔好意思，我剛才已經做咗決定出嚟，你可以質疑我嘅決定。,你可以提出質疑，但我剛才已作出決定。,19,12,7,3.1666666666666665,3.272727272727273,16.666666666666668,18.181818181818183,0.26164830034267333
hk/725,725,725,呢個，呀，因為我自己都有一份，吓。,而我本人也有一份。,14,8,6,3.0,2.142857142857143,15.384615384615385,0.0,0.2606783871558008
hk/991,991,991,誒，其實呢，喺個選舉裏便……,其實，在選舉中……,10,6,4,2.111111111111111,1.6,0.0,0.0,0.2605915212471627
hk/982,982,982,我想同你講聲，我未曾叫梁美芬議員你發言嘅。,梁美芬議員，我還未叫喚你發言。,16,10,6,3.0,2.3333333333333335,6.666666666666667,11.11111111111111,0.2600791259801525
hk/871,871,871,大家睇倒而家講緊嘅，佢係攞住一個，即係副本不似副本嘅文件去證明自己嘅國籍。,祇提供一份副本不像副本的文件。,28,11,17,3.925925925925926,3.0,18.51851851851852,20.0,0.2591285016381935
hk/103,103,103,哎，啲帶好麻煩。,這些錄影帶很麻煩。,7,5,2,1.8333333333333333,1.25,0.0,0.0,0.25869459803685124
hk/175,175,175,肯定係阿哥屈我啦！,一定是哥哥胡說！,7,5,2,2.6666666666666665,1.75,16.666666666666668,0.0,0.25869459803685124
hk/20,20,20,爺爺，你冇tei1si2嘅！,爺爺真沒品味！,7,5,2,1.8333333333333333,1.5,0.0,0.0,0.25869459803685124
hk/985,985,985,佢未完個……,梁頌恒議員尚未說完。,5,7,2,1.5,1.8333333333333333,0.0,0.0,0.25869459803685124
hk/675,675,675,但不過我期望呢，就其他嘅議員同事可唔可以先返埋位度先，然後呢，就讓我哋可以進行呢一個嘅會議。,我希望其他議員先返回座位，讓我們可以進行會議。,35,14,21,3.823529411764706,2.769230769230769,11.764705882352942,15.384615384615385,0.25835877510934935
hk/522,522,522,噉就-噉有啲人退咗休就頂畀我，噉就頂嚟做囖。,上一手退休便讓給我，我就接手了。,22,14,8,3.0952380952380953,2.3846153846153846,14.285714285714286,15.384615384615385,0.25832179447747994
hk/259,259,259,等我仲以為阿哥佢對我咁好。,我還以為哥哥對我這樣好。,11,9,2,3.3,2.75,20.0,12.5,0.2580707802713904
hk/365,365,365,快啲，快啲，快啲！,再快，要更快！,9,7,2,3.0,2.6666666666666665,25.0,0.0,0.2580481603552368
hk/230,230,230,總之就日日係噉喺度聽囖。,但就是每天也聽個不停。,8,11,3,2.5714285714285716,2.4,0.0,10.0,0.2579652008356536
hk/388,388,388,幫我同佢講「生日快樂」吖！,幫我跟她說聲「生日快樂」！,10,10,0,3.2222222222222223,2.4444444444444446,22.22222222222222,11.11111111111111,0.25726235138633285
hk/667,667,667,噉，由於時間-我唔想再延遲落去喇。,我不想再延遲。,13,6,7,2.8333333333333335,2.2,16.666666666666668,0.0,0.25710656194530607
hk/718,718,718,因為係電郵。,原來那是一封電郵。,4,7,3,1.3333333333333333,2.6666666666666665,0.0,0.0,0.2569811892423542
hk/650,650,650,愾，都返咗嚟喇！,都已經回來了……,8,5,3,2.142857142857143,1.5,0.0,0.0,0.25674317245250095
hk/998,998,998,頭先，有好多議員講咗我呢點，我唔詳述。,剛才多位議員已說過這點，我不詳述。,15,14,1,3.5,2.8461538461538463,21.428571428571427,15.384615384615385,0.2549618848712385
hk/439,439,439,所以歌檔就係噉樣嚟嘅。係畀啲大家勞動者呀，勞動階級，呀……有陣時就有啲旅客呀，旅客即係旅遊人士呀。啲西人呀，佢都落嚟捧場㗎，啲西人。,所以歌檔就是這樣形成，讓勞動者、勞動階級、旅客、西人，來到捧場。,46,21,25,3.511111111111111,3.3,11.11111111111111,15.0,0.25488536352624125
hk/927,927,927,冇錯，你講得啱嘅，就係……你講得啱嘅。,你說得對。,18,5,13,3.176470588235294,1.75,11.764705882352942,0.0,0.253990618864482
hk/666,666,666,議員，噉，而家呢，時間就都係兩點三十五分啦，比我原先係宣佈呢，係兩點三十分呢，復會時間已經遲咗五分鐘。,現在是二時三十五分，較我原先宣佈二時三十分恢復會議的時間，遲了五分鐘。,39,25,14,4.684210526315789,4.708333333333333,23.68421052631579,25.0,0.25310664253980697
hk/608,608,608,做咩噉問呀？,為什麼這樣問？,5,4,1,1.5,1.3333333333333333,0.0,0.0,0.25192357407447924
hk/383,383,383,吖，死𡃁妹吖！,臭小鬼！,5,2,3,1.5,1.0,0.0,0.0,0.2519235740744792
hk/44,44,44,好，收到。,知道。,5,2,3,2.0,1.0,0.0,0.0,0.2519235740744792
hk/706,706,706,總之唔好騷擾倒我哋嘅話呢，我可以繼續嘅。,但請不要作出騷擾，以便會議可繼續進行。,13,12,1,3.3333333333333335,3.090909090909091,16.666666666666668,18.181818181818183,0.2501302242641849
hk/242,242,242,唔公平呀！,這樣不公平！,4,4,0,1.3333333333333333,1.3333333333333333,0.0,0.0,0.25
hk/247,247,247,你痴線嘅！,傻的嗎？,4,4,0,1.3333333333333333,2.0,0.0,0.0,0.25
hk/54,54,54,係我㗎！,是我的！,4,4,0,1.3333333333333333,1.3333333333333333,0.0,0.0,0.25
hk/59,59,59,咩事呀？,有什麼事？,4,4,0,1.3333333333333333,2.0,0.0,0.0,0.25
hk/68,68,68,洗咗嘞！,洗乾淨了！,4,4,0,2.0,2.0,0.0,0.0,0.25
hk/76,76,76,換咗呀？,換好吧？,4,4,0,2.0,2.0,0.0,0.0,0.25
hk/740,740,740,而事實上呢，有關討論呢，已經喺琴日嘅論壇……,事實上，有關的討論亦已在昨天特別安排的論壇上……,14,15,1,3.0,2.5714285714285716,15.384615384615385,14.285714285714286,0.24969627258930988
hk/807,807,807,第二點呢，就係關於個議員嘅投票權。,第二點是關於議員的投票權。,12,8,4,2.727272727272727,2.4285714285714284,9.090909090909092,0.0,0.2494767752941705
hk/207,207,207,噉你坐低就唔好講咁多嘢啦！,那你快坐下然後閉嘴！,12,8,4,2.6363636363636362,2.142857142857143,9.090909090909092,0.0,0.24947677529417048
hk/354,354,354,你究竟要我做幾多次呀？,你要我試多少次才行？,9,9,0,2.5,1.875,12.5,12.5,0.249456944204059
hk/414,414,414,我唔係嗰種性格，我係中意响出面玩嘅性格。,但我不是那種人，我就是愛出去玩的性格。,16,17,1,3.7333333333333334,4.6875,26.666666666666668,37.5,0.249276786629238
hk/889,889,889,如果梁君彥議員交唔出佢呢份文件嘅正本嘅話，噉，佢應該係冇參選嘅資格。,如果梁君彥議員無法交出文件正本，他應該不符合參選資格。,24,16,8,3.4782608695652173,2.533333333333333,17.391304347826086,6.666666666666667,0.24913399712475764
hk/110,110,110,但係呢，冇開燈呢，真係好驚！,半夜不能開燈看真的很恐怖！,12,11,1,2.727272727272727,2.1,18.181818181818183,0.0,0.24837415296635376
hk/823,823,823,噉，大家呢，就可以係日後透過唔同嘅方式去跟進，包括係，誒，司法覆核呀，或者其他法律程序。,大家日後可以透過不同方式跟進，包括司法覆核或其他法律程序。,31,16,15,3.8333333333333335,3.0,23.333333333333332,13.333333333333334,0.24792211154818405
hk/526,526,526,誒，由七點半就做到十一點半。,每晚由七點半，到十一點半。,9,8,1,2.0,2.0,0.0,0.0,0.2475361376891521
hk/263,263,263,愾！我都唔知你哋咩tei1唔tei1si2。,我不懂你們說的什麼品味。,10,9,1,2.4444444444444446,2.5,0.0,12.5,0.2474687443652893
hk/495,495,495,因為呢度啲歌手呢，要啲-係要陪啲客飲酒啦，傾偈啦，要睇你接唔接受倒囖。,因為在香港要陪客人飲酒、聊天，要看你能不能接受到。,29,19,10,3.25,3.0,17.857142857142858,11.11111111111111,0.24712968509618632
hk/777,777,777,係咪一路噉樣繼續落去嘅呢？,大家是否要一直這樣繼續下去呢？,8,10,2,3.5714285714285716,3.2222222222222223,28.571428571428573,22.22222222222222,0.24676872530617236
hk/178,178,178,我都冇上堂，你知㗎啦！,你也知我不愛上課！,10,8,2,1.8888888888888888,2.142857142857143,0.0,0.0,0.24676872530617233
hk/405,405,405,怪唔之得追唔倒女仔啦！,難怪那時他追不到那女孩！,7,9,2,2.6666666666666665,2.375,0.0,0.0,0.24670521273257331
hk/96,96,96,真係一張閃都冇嘅喎。,真的一張閃卡也沒有。,9,7,2,2.125,2.0,0.0,0.0,0.24670521273257326
hk/512,512,512,因為退休之年嘅話呢，除去食飯，同仔女有-冇-冇-冇-冇乜傾咖嘛！,因為我們退休之年，和子女有什麼好談呢？,25,14,11,4.333333333333333,2.8461538461538463,25.0,15.384615384615385,0.2466316649923052
hk/782,782,782,其實你應該係同返秘書處講，唔係同我講，因為我係冇權代佢-秘書處講依番說話㗎。,其實，你應該向秘書處提出，而不是向我提出，因為我無權代表秘書處說話。,30,23,7,4.068965517241379,3.5454545454545454,17.24137931034483,13.636363636363637,0.2462178255330354
hk/950,950,950,你要做一個違反我哋《議事規則》嘅決定？,你是否要作出違反《議事規則》的決定？,14,12,2,4.461538461538462,2.727272727272727,38.46153846153846,18.181818181818183,0.24589062664005792
hk/698,698,698,噉呢，就其他嘢呢，我就冇辦法去處理嘅。,其他事情我無法處理。,16,6,10,3.1333333333333333,1.6,20.0,0.0,0.2454113332731834
hk/884,884,884,而秘書處係有責任去維護呢件事，係正確噉樣，完成噉樣，誒-完整噉樣進行。,立法會秘書處亦有責任維護這個程序正確和完整地進行。,24,14,10,3.608695652173913,2.8461538461538463,17.391304347826086,15.384615384615385,0.2445732717637088
hk/237,237,237,你冇份聽嘅，冇份唱嘅，係咪呀？,你沒一起聽嗎？沒一起唱嗎？,12,11,1,2.5454545454545454,2.1,9.090909090909092,0.0,0.2429703088623776
hk/999,999,999,第二點，負責選-投票嘅人嘅資格，喺之前，《議事規則》上一項嗰度，根本就未完成。,第二個問題是關於投票人的資格，《議事規則》訂明的上一項程序根本未完成。,29,24,5,5.214285714285714,3.869565217391304,21.428571428571427,13.043478260869565,0.24255532649086955
hk/347,347,347,都唔得喎。,還是沒反應。,5,4,1,1.5,1.3333333333333333,0.0,0.0,0.2416138765378654
hk/191,191,191,呀，Eason嗰隻碟呢，你有冇聽呀？,對了，陳奕迅的新碟你聽過了嗎？,14,13,1,2.769230769230769,2.75,15.384615384615385,16.666666666666668,0.24114343377514674
hk/500,500,500,噉我就會走-或者走去第二間場啦，或者跑場啦，嗰啲。,那我們就走去別家場館，或「跑場」。,20,14,6,3.9473684210526314,2.5384615384615383,26.31578947368421,7.6923076923076925,0.24039303238217824
hk/915,915,915,誒，你可以質疑我依個嘅決定嘅，可以質疑我嘅決定，但係不過我做咗依個決定出嚟。,你可以提出質疑，但我已作了決定。,26,12,14,4.0,2.3636363636363638,16.0,9.090909090909092,0.24019306124954082
hk/972,972,972,你唔係有五個人喺度垂簾聽政呀，下馬？,不應有五個人垂簾聽政。,13,8,5,3.3333333333333335,2.142857142857143,25.0,0.0,0.23934513096956916
hk/487,487,487,噉或者話，我想同你合唱呢首歌。噉我哋有個最低消費㗎。同一個歌手合唱呢，一定要畀一百蚊㗎。,或者想和某個客人唱這首歌，我們有最低消費一百塊。,34,19,15,3.1818181818181817,2.7222222222222223,12.121212121212121,16.666666666666668,0.23869438675460147
hk/684,684,684,噉，如果大家呢，如果剛才有出席到出便嗰個嘅，誒-嘅場合嘅話呢，其實大家可能都會知道究竟係嗰個情況點樣樣。,如果各位剛才有出席，便應該知道情況如何。,35,12,23,5.294117647058823,2.1818181818181817,38.23529411764706,0.0,0.2386405198856424
hk/961,961,961,你跟返《議事規則》咪得囖。,你祇需按照《議事規則》便可以。,11,11,0,2.1,3.6,10.0,30.0,0.23841420444711514
hk/716,716,716,佢第一封信呢，就話enclose係，呀，已經附上，誒，嗰個，誒，放棄國籍嘅聲明。,信中表示已enclosed（附上）「放棄國籍」的聲明，,27,15,12,3.3846153846153846,3.0,15.384615384615385,14.285714285714286,0.23836974135747913
hk/427,427,427,我睇中呢個老世做唔嚟。我叫佢：「不如誒，呢啲檯檯凳凳頂畀我做。」喺度做，我先做咗一年半。,我看上了，就跟他說不如把桌子椅子讓給我，才做了一年半呢。,38,24,14,3.6216216216216215,3.0869565217391304,18.91891891891892,13.043478260869565,0.23820142765880742
hk/543,543,543,我哋，我哋走㗎喇，而家，而家落緊雨吖嘛。,我們快要走了，現在正下雨嘛。,15,12,3,3.357142857142857,2.6363636363636362,21.428571428571427,9.090909090909092,0.2378396744332682
hk/713,713,713,就好多謝你都話已經，就，意圖安排我哋出去聽阿梁君彥嘅解釋。,還要感謝你試圖安排我們到會議廳外聆聽梁君彥議員的解釋。,20,16,4,2.8421052631578947,2.7333333333333334,5.2631578947368425,6.666666666666667,0.2378311772321571
hk/458,458,458,誒……有-有-有一部分歌佢哋成日-呢度啲人成日唱嘅。,有些歌他們常常唱的。,19,7,12,4.111111111111111,1.6666666666666667,27.77777777777778,0.0,0.2374867399817207
hk/973,973,973,你唔係需要呢啲人保護你呀，下馬？,你不需要這些人來保護，對嗎？,12,11,1,3.090909090909091,2.7,27.272727272727273,20.0,0.23672293552440465
hk/122,122,122,瞓覺嘞！,要去睡了！,3,5,2,1.5,1.75,0.0,0.0,0.236452797660028
hk/310,310,310,點唧？,那你要幹麼？,3,5,2,1.5,1.75,0.0,0.0,0.236452797660028
hk/195,195,195,你等我一陣。,你等一等。,5,3,2,1.75,1.0,0.0,0.0,0.23645279766002797
hk/271,271,271,你就好啦！,真羨慕！,5,3,2,1.5,1.0,0.0,0.0,0.23645279766002797
hk/308,308,308,唔好咁嘈啦！,別吵！,5,3,2,1.5,1.0,0.0,0.0,0.23645279766002797
hk/369,369,369,唔好咁大聲啦！,小聲一點！,5,3,2,1.5,1.5,0.0,0.0,0.23645279766002797
hk/371,371,371,唔好咁大聲呀！,小聲一點！,5,3,2,1.5,1.5,0.0,0.0,0.23645279766002797
hk/51,51,51,姐姐呀，啲錢畀我得㗎嘞！,姐姐，這些錢給我便行了！,11,10,1,2.1,2.0,10.0,11.11111111111111,0.23493123610153824
hk/486,486,486,例如我想點唱咩歌，呀，畀幾多錢你。一百或者二百，或者甚至乎三百。,例如我想點唱什麼歌，我付多少錢，一百塊、二百塊甚至三百塊。,22,21,1,3.142857142857143,3.5,19.047619047619047,20.0,0.23470226168469935
hk/106,106,106,咁夜先至播嗰啲卡通片，令到嗰啲細路呢，就晚晚喺度捱夜。,深夜才播卡通片，令小朋友們都捱夜追看。,17,12,5,2.6875,2.1818181818181817,12.5,9.090909090909092,0.23446877373449548
hk/316,316,316,你試下唔幫我吖！,你不幫？,8,4,4,2.5714285714285716,1.3333333333333333,14.285714285714286,0.0,0.23345859334434962
hk/276,276,276,你等我一陣呀，吓？,你等等我。,8,4,4,2.7142857142857144,1.3333333333333333,14.285714285714286,0.0,0.23345859334434957
hk/350,350,350,跳兩步啦，試下。,跳兩步。,8,4,4,2.5714285714285716,2.0,0.0,0.0,0.23345859334434957
hk/665,665,665,噉呢，而家係進行休會。,現在暫停會議。,8,4,4,2.0,1.3333333333333333,0.0,0.0,0.23345859334434957
hk/811,811,811,呢個不能參與表決嘅，誒，誒，情況呢，其實我相信所有議員都明白嘅。,這情況我相信所有議員都明白。,23,9,14,3.227272727272727,2.625,18.181818181818183,12.5,0.23267478748259995
hk/533,533,533,啲人呀，嗰陣時呢，八零年-年代呀、七零年代呀，用啲五百蚊紙摺架飛機飛埋嚟。好捨得畀錢㗎。,那時候七十、八十年代，用五百元鈔票摺成紙飛機飛過來的，很樂意消費！,34,21,13,3.606060606060606,3.0,15.151515151515152,15.0,0.23266568344506042
hk/520,520,520,一二三，呢三檔，以前冇呀。,一、二、三，這三檔⋯⋯,12,10,2,2.3636363636363638,3.4444444444444446,9.090909090909092,22.22222222222222,0.23200092320479354
hk/342,342,342,你搞返掂佢呀。,你快弄好回來呀。,7,7,0,2.6666666666666665,2.1666666666666665,0.0,0.0,0.2317937498454665
hk/73,73,73,唔該！十個一蚊！,我要十個一元！,7,7,0,2.0,2.5,0.0,0.0,0.2317937498454665
hk/374,374,374,噉唔通唔着咩？,難度要我不穿拖鞋嗎？,6,8,2,1.8,2.5714285714285716,0.0,14.285714285714286,0.23155733100404513
hk/376,376,376,噉唔通唔着咩？,難度要我不穿拖鞋嗎？,6,8,2,1.8,2.5714285714285716,0.0,14.285714285714286,0.23155733100404513
hk/886,886,886,究竟呢個投票箱入便，有兩個投票箱：廢票同塗謹申議員，定係加埋梁君彥議員？,除了設置兩個投票箱，分別供投廢票和投給塗謹申議員，我們是否還要為梁君彥議員設置投票箱？,22,27,5,2.857142857142857,3.269230769230769,14.285714285714286,15.384615384615385,0.23099107616748177
hk/818,818,818,噉，當然大家可以要，呀，一份，呀m，證書。,當然，議員可以要求梁議員提供一份證書。,16,12,4,3.066666666666667,2.3636363636363638,13.333333333333334,9.090909090909092,0.23092474310424874
hk/509,509,509,夜總會係聽人唱，嚟嗰度係自己實踐去唱。,夜總會是聽別人唱，來這裡是實踐自己唱。,14,13,1,2.769230769230769,2.75,15.384615384615385,16.666666666666668,0.2308877899340896
hk/895,895,895,呢個-而家係一個正式嘅會議嘅話，梁頌恒議員係冇資格參加呢個會議。,主席，如果這是正式會議，梁頌恒議員沒有資格參加這個會議。,21,16,5,2.9,2.6,15.0,6.666666666666667,0.23053736772789551
hk/938,938,938,如果你仍然當我係主席嘅話呢，叫得我做主席嘅話呢，你要接受我依個決定。,如果你仍視我為主席，並稱呼我為主席，你便要接受我的決定。,25,22,3,3.5,2.8095238095238093,16.666666666666668,9.523809523809524,0.23008281764265434
hk/275,275,275,我做緊英文功課呀！,我正錄英文功課！,7,6,1,2.5,1.8,0.0,0.0,0.22949661445809327
hk/176,176,176,我都冇中意明星嘅！,我從沒喜歡什麼明星！,7,6,1,2.0,1.8,0.0,0.0,0.22949661445809325
hk/621,621,621,我唔係呢個年代。,我不是這年代。,7,6,1,2.6666666666666665,2.2,0.0,0.0,0.22949661445809325
hk/622,622,622,我唔係呢個年代！,我不是這年代！,7,6,1,2.6666666666666665,2.2,0.0,0.0,0.22949661445809325
hk/789,789,789,噉，喺呢個情況底下，要我哋選舉係唔公道嘅。,在這種情況下，要我們選舉主席並不公道。,15,14,1,2.357142857142857,2.4615384615384617,7.142857142857143,15.384615384615385,0.22901932033468267
hk/719,719,719,而第二封嗰個呢，先至係真嘅。,第二封信才是正本。,11,7,4,2.5,1.6666666666666667,20.0,0.0,0.22796722644613457
hk/745,745,745,噉，但係如果暫時冇原裝，即係呀，copy都有畀唻睇下。,但如果暫時沒有正本，向我們提供一份copy也可以。,19,15,4,3.3333333333333335,2.7857142857142856,16.666666666666668,14.285714285714286,0.2278368580010574
hk/892,892,892,我畀都未必係最正確嘅。,即使我提出意見，也未必是最正確無誤。,9,13,4,2.375,2.5833333333333335,0.0,8.333333333333334,0.2276799184246324
hk/731,731,731,噉，但係不過問題在於就係，剛才我已經係特別安排咗一個嘅場合，就畀梁君彥議員呢，就向大家同埋向社會大眾呢，作出澄清同埋交代嘅。,我剛才已作出特別安排，讓梁君彥議員向大家和社會大眾作出澄清及交代。,41,20,21,4.975,2.8947368421052633,22.5,10.526315789473685,0.22752722449739535
hk/749,749,749,em6……因為如果我自己瞭解呢，喺基本法裏面所講呀，個內容裏便呢，係講係候選，唔係，對唔住，係主席-主席-立法會嘅主席係唔能夠擁有任何其他國家嘅居留權依個問題。,據我瞭解，《基本法》訂明立法會主席不能夠擁有任何其他國家的居留權。,51,19,32,3.4,2.611111111111111,16.0,5.555555555555555,0.2264120811880443
hk/845,845,845,正正因為噉，我哋對自己嘅要求所以先至要更加高。,正因如此，我們對自己應有更高的要求。,15,14,1,3.5714285714285716,2.3846153846153846,14.285714285714286,7.6923076923076925,0.22614531158890044
hk/836,836,836,似乎我哋呢度未諮詢夠足夠嘅法律意見。,而我們似乎未有充分諮詢法律意見。,11,10,1,2.7,3.0,10.0,11.11111111111111,0.22592376682123833
hk/476,476,476,你就-啲人畀利是嘅，而家冇喎。,客人會給利是，現在都沒有了。,13,10,3,2.4166666666666665,2.5555555555555554,8.333333333333334,11.11111111111111,0.2257727256785893
hk/451,451,451,有人氣即是有財氣；有咗財氣先有-有福氣，哦。有咗福氣咪就有運氣囖，可。,有人氣就是有財氣，有財氣就是有福氣，有了福氣就有運氣！,28,21,7,3.888888888888889,3.55,11.11111111111111,15.0,0.22546090064727053
hk/224,224,224,但係你叫得你自己做fen1si2嘅話，梗係買華星正版啦！,你自稱是歌迷的話，當然是買華星正版唱片！,15,13,2,2.857142857142857,2.5833333333333335,14.285714285714286,8.333333333333334,0.2249393294079174
hk/828,828,828,由我哋，殊誒，完成依個宣誓嘅工作到到而家呢，我相信，即係，我哋已經係浪費咗兩個鐘頭嘅時間。,由我們完成宣誓至今，我相信已浪費了兩小時。,32,14,18,3.3548387096774195,2.230769230769231,19.35483870967742,7.6923076923076925,0.22478938010827523
hk/503,503,503,跟住呢，漸漸我識咗嗰啲客呀。之後呢，我覺得嗰啲客呢，都-都覺得係-好似當我係朋友噉囖。,接著，漸漸認識了客人，那些客人都當我是朋友。,36,15,21,3.8857142857142857,2.857142857142857,17.142857142857142,14.285714285714286,0.22455611248501567
hk/497,497,497,即係唱完歌我就……嗰個係我嘅職業囖。,那是我們的職業（責）。,14,9,5,3.769230769230769,2.25,15.384615384615385,0.0,0.22395241921946973
hk/288,288,288,我想教咗佢先呀。,我想先教教她。,8,6,2,2.5714285714285716,1.8,0.0,0.0,0.22300221346863092
hk/796,796,796,令到我哋陣間投票，有幾個議員係冇辦法投票嘅話，呢個選舉係唔會係一個公平，符合程序公義嘅選舉唻嘅。,令數位議員稍後無法進行投票，這個選舉便不會是公平及符合程序公義的選舉。,34,24,10,5.151515151515151,4.782608695652174,39.39393939393939,39.130434782608695,0.2225610056635795
hk/922,922,922,當然，你可以話未做s-未做宣誓，未係-未係嗰個議員。,當然，你可以說他尚未宣誓，尚未是議員。,22,15,7,3.7142857142857144,3.0714285714285716,14.285714285714286,7.142857142857143,0.2224345505474757
hk/515,515,515,出面嗰度識好多嗰啲朋友，聽下歌，開下心。,出面這裡認識很多朋友，「聽下歌」，「開下心」。,16,18,2,3.7333333333333334,2.588235294117647,20.0,5.882352941176471,0.22222376140660036
hk/605,605,605,跟住幾時返我就唔知㗎。,接下來甚麼時候回來就不知道了。,9,9,0,2.0,1.75,0.0,0.0,0.2222222222222222
hk/940,940,940,梁頌恆議員呢，係咪繼續係發言……,梁頌恒議員，你是否要繼續發言？,9,9,0,2.125,2.25,0.0,12.5,0.2222222222222222
hk/643,643,643,住喺呢間酒店真係好正。,住在這家酒店，真的很正！,9,10,1,2.625,3.6666666666666665,12.5,22.22222222222222,0.22166606886544554
hk/803,803,803,我-我恐怕呢，就係有違反《議事規則》嘅-嘅嫌疑。,我恐怕這些議員已涉嫌違反《議事規則》。,19,12,7,3.4444444444444446,2.4545454545454546,22.22222222222222,9.090909090909092,0.22164515403119645
hk/470,470,470,我諗廿年前我都喺過呢度，噉就歌廳就有。,二十年前吧，我也曾經在這裡，只有歌廳。,17,15,2,4.1875,2.5,25.0,14.285714285714286,0.22096499461882216
hk/885,885,885,所以，我認為，喺呢一刻，如果梁君彥議員仍然都係交唔出，佢嗰封信，抌有正規嘅印嘅正本嘅話，其實佢係應該冇資格參選嘅。,所以，如果梁君彥議員仍然無法交出蓋有正規印章的信件正本，他應該不符合參選資格。,43,24,19,6.523809523809524,4.0,26.19047619047619,21.73913043478261,0.22070856365086677
hk/793,793,793,噉，所以秘書長亦都講咗佢哋陣間係喺個選主席嘅，誒，投票裏便，個選舉裏便，佢哋係唔可以投票嘅。,並表示他們在稍後舉行的主席選舉中不可以投票。,32,14,18,4.516129032258065,4.076923076923077,19.35483870967742,23.076923076923077,0.22055427921450957
hk/424,424,424,我老世炒我魷魚，我好多謝個老世呀，佢炒咗我魷魚嘛。,後來老闆解僱我，我很感謝他解僱我呢！,20,13,7,2.789473684210526,2.3333333333333335,10.526315789473685,0.0,0.2199688933736474
hk/932,932,932,嗰啲我哋下一步會做。,這是下一步會處理的問題。,8,10,2,2.5714285714285716,2.7777777777777777,14.285714285714286,22.22222222222222,0.21952760287740014
hk/835,835,835,噉，另一點，我覺得，誒-就住剛才有同事亦都有提問到嘅，就係國籍嘅取消同埋居留權嘅問題，我-我覺得喺-根據英國國籍法入便呢，其實當中仲有一啲嘅論點嘅爭議㗎。,另一點，剛才也有同事提到，就《英國國籍法》所訂有關取消國籍和居留權的問題上，我認為當中仍有爭議。,54,34,20,4.509433962264151,3.484848484848485,22.641509433962263,9.090909090909092,0.21901703228656103
hk/547,547,547,噉有時延遲三個字嘅。,有時候延遲十五分鐘。,8,5,3,2.5714285714285716,1.75,0.0,0.0,0.21899525866266337
hk/668,668,668,噉，我依家係正式復會。,現在宣佈正式復會。,8,5,3,2.0,1.75,0.0,0.0,0.21899525866266337
hk/765,765,765,我祇能夠係主持乜嘢呢……,我祇能夠主持……,8,5,3,2.142857142857143,1.75,0.0,0.0,0.21899525866266337
hk/808,808,808,誒，我同意你嘅判斷，就係，呀，秘書長呢，按照法例呢，係依法幫我哋監誓。,我同意你的判斷，便是秘書長已按照法例依法為我們監誓。,26,17,9,3.52,3.6875,20.0,25.0,0.21891040183630825
hk/702,702,702,嗱，我再想請大家-大家議員同事呢，吓-就係如果有提問嘅話呢，我想希望大家係回咗你自己個座位裹面呢，係提問。,議員如果想提出規程問題，我再請大家先返回自己的座位。,40,17,23,3.3333333333333335,2.4375,15.384615384615385,12.5,0.21663778362990618
hk/215,215,215,係呀，新出㗎，呢隻！,對啊，這是最新的！,10,9,1,2.7777777777777777,3.25,11.11111111111111,25.0,0.2163598025524639
hk/906,906,906,呢一個係好嚴重嘅規程問題嚟㗎，主席。,這是很嚴重的規程問題。,14,8,6,2.6923076923076925,2.5714285714285716,7.6923076923076925,14.285714285714286,0.21635966130380502
hk/881,881,881,主席，我完全唔能夠接受你所講-頭先所講話「祇有立法會嘅主席先至有居留權嘅限制，候選人冇」。,主席，對於你剛才所說，「祇有立法會主席才有居留權限制，候選人沒有」，我完全不能接受。,30,27,3,3.793103448275862,4.653846153846154,27.586206896551722,23.076923076923077,0.21526191062301891
hk/693,693,693,嗱，誒……喺-喺今日呢，就即係我就唔想同大家爭論一啲嘅其他嘅問題，因為我呢，係冇一個權力呢，同大家去爭論任何嘅嘢嘅。,今天我不想跟大家爭論其他問題，因為我沒有權力這樣做。,46,17,29,4.733333333333333,3.0625,26.666666666666668,18.75,0.21230274096394844
hk/983,983,983,請你坐低先，唔該你。,請你先坐下。,9,6,3,3.5,2.2,25.0,0.0,0.2122929771861236
hk/759,759,759,選完之後呀，有個人，吓，已經係主席，但佢仍然係未有-喺今日之內，未有我哋正話講嘅嗰份真真正正需要放棄國籍嘅聲明文件吖嘛！,但他卻未能在今天內向我們提供剛才所說的「放棄國籍」正式聲明。,42,22,20,4.024390243902439,4.238095238095238,21.951219512195124,38.095238095238095,0.2119213807401525
hk/133,133,133,等佢哋用完呢，又唔中呢，就等我哋抽。,等他扭光十元也不中閃卡時，我們便行動。,16,16,0,2.6666666666666665,4.2,13.333333333333334,33.333333333333336,0.2118974703476993
hk/872,872,872,而最糟糕嘅地方就係，連個居留權，都未釐清倒。,最糟糕的是，他連居留權都未能釐清。,17,13,4,3.125,4.083333333333333,25.0,33.333333333333336,0.21101404490255896
hk/696,696,696,不過呢，但係呢，但係不過呢，係會議規則呢，就話呢，誒……根據依個《議事規則》嘅呀……附表一，按照《議事規則》嘅附表一同埋六，第六同第七段嘅規定呢，係由我去做依個嘅會議嘅主持嘅。,不過，根據《議事規則》附表一第六及七段的規定，由擔任議員時間最長的我來主持會議。,64,28,36,4.682539682539683,3.7037037037037037,20.634920634920636,22.22222222222222,0.21082843368240556
hk/732,732,732,噉呢，就對於佢能唔能夠達到你頭先提問嗰個嘅要求呢，我就唔能夠作出任何嘅意見。,至於他的答覆能否回應你剛才的提問，我並不能夠提出任何意見。,27,19,8,5.230769230769231,2.8333333333333335,26.923076923076923,11.11111111111111,0.21053507959488835
hk/864,864,864,而喺《議事規則》裏面，祇不過係規定議員完絕-完整噉樣讀完個誓詞。,而《議事規則》祇規定議員要完整讀出誓詞。,21,14,7,3.0,2.6153846153846154,15.0,15.384615384615385,0.21033202919762006
hk/729,729,729,頭先我都講過呢，就係有關你呢個提問呢，就係要祇能夠涉及到嗰個嘅選舉過程同埋-或-或者係同依個選舉有關嘅嘢啦。,我剛才說過，你的提問祇能夠涉及選舉過程或與選舉有關的事情。,40,20,20,4.153846153846154,3.3157894736842106,12.820512820512821,21.05263157894737,0.21031840091156245
hk/821,821,821,噉，喺-我哋既然今日定咗選舉主席呢，我認為我哋應該按照我哋，呀，定咗嘅呢一個，呀，時間安排呢，就係順利完成選主席。,既然已定了今天選舉主席，我認為我們應按照所訂定的時間安排順利完成選舉主席。,42,24,18,5.682926829268292,3.9130434782608696,29.26829268292683,30.434782608695652,0.20982370408903844
hk/485,485,485,因為廟街歌壇就係靠啲客打賞畀個歌手呀。,廟街歌壇就是靠客人打賞給歌手。,14,10,4,3.4615384615384617,1.8888888888888888,23.076923076923077,11.11111111111111,0.20940354616793158
hk/965,965,965,規程問題，規程問題，首先我-我希望主席……立法會係一個莊嚴嘅地方。,規程問題：主席，立法會是莊嚴的地方。,21,11,10,4.15,3.4,20.0,30.0,0.20911585593433674
hk/680,680,680,嗱，剛才呢，我講過呢，有關梁君彥議員嗰個國籍問題呢，就唔係今日我哋會議嘅裏面討論嘅範疇嘅。,剛才我說過，有關梁君彥議員的國籍問題不是今天會議的討論範疇。,31,19,12,5.566666666666666,4.5,30.0,27.77777777777778,0.20871758821873962
hk/904,904,904,我們都未完成第一點，就係所有出席咗呢個會議嘅議員，去進行宣誓。,我們尚未完成第一款的程序，即所有出席這次會議的議員進行宣誓。,21,20,1,3.25,4.2105263157894735,15.0,26.31578947368421,0.20829912567417974
hk/907,907,907,誒，其實呢，就，我容許其他嘅議員呢，在坐喺依度嘅話呢，其實我就唔去作任何決定，唔畀人哋發言嘅，因為我已經畀咗人哋坐喺度㗎嘞。,既然我已容許其他議員就座，便不會作出不容許議員發言的決定。,46,19,27,5.0,3.0,24.444444444444443,16.666666666666668,0.20816009619187228
hk/466,466,466,八幾年嗰時參賽呀，因-不過入唔到圍，呀，喀喀喀喀。,八十年代時參賽，入不到圍呢，哈哈！,17,12,5,3.375,3.090909090909091,18.75,18.181818181818183,0.20772537322739004
hk/794,794,794,噉，但係我哋好多嘅議員都聽倒……似乎佢哋嗰種宣誓嘅方式，我哋過往歷屆嘅立法會議員都試過用類似嘅方式，都係冇問題嘅。,但是，多位議員認為，他們所採用的宣誓方式，歷屆立法會議員也曾採用類似方式，卻沒有問題。,39,28,11,4.2631578947368425,3.7037037037037037,15.789473684210526,14.814814814814815,0.20753558562264252
hk/25,25,25,噓！好誇張呀。,非常誇張。,6,3,3,1.6,1.0,0.0,0.0,0.20751874963942185
hk/283,283,283,你等一陣，吓？,你等等。,6,3,3,2.0,1.0,0.0,0.0,0.20751874963942185
hk/285,285,285,等一陣啦，吓？,等一下。,6,3,3,2.6,1.5,0.0,0.0,0.20751874963942185
hk/66,66,66,乖乖地，唔好搞搞震呀！,要乖別搗蛋啊！,6,6,0,1.8,1.4,0.0,0.0,0.20751874963942185
hk/840,840,840,仲有一樣嘢，宣-會唔會係你嘅權力呢，就係，誒，adjourn成個會議。,其實有一件事情是否也屬於你的權力範圍，就是中止整個會議？,27,20,7,3.4615384615384617,3.210526315789474,11.538461538461538,10.526315789473685,0.20724415134766952
hk/687,687,687,噉，如果大家想係確實要去去令到你嘅提問係得到滿意答覆嘅話呢，可以喺其他場合裏面呢，去處理。,如果議員想確保他的問題得到滿意的答覆，可以在其他場合提出。,32,18,14,4.967741935483871,2.9411764705882355,19.35483870967742,11.764705882352942,0.20709827473070358
hk/737,737,737,你可唔可以叫選民自行……畀梁天琦吖？,你是否也可要求選民自行決定是否投票給梁天琦？,12,15,3,3.090909090909091,2.5714285714285716,18.181818181818183,7.142857142857143,0.20683499409114145
hk/939,939,939,除非你係唔覺得我就係主席呢，你就唔使再聽我依個決定，ＯＫ？,除非你不把我當作主席，那就不用理會我這決定。,22,16,6,3.238095238095238,2.6666666666666665,14.285714285714286,6.666666666666667,0.2062537329806454
hk/728,728,728,好，誒，唔該你，誒，毛孟靜議員。,好的，謝謝你，毛孟靜議員。,12,9,3,3.1818181818181817,2.75,18.181818181818183,12.5,0.20613402198752823
hk/472,472,472,噉就跟住又冇做嘞，冇做呢行，走咗去轉行做咗第二啲嘢，我做咗經紀之嘛。,然後我又轉行做經紀了。,30,8,22,3.4482758620689653,2.142857142857143,10.344827586206897,0.0,0.20555697459185812
hk/810,810,810,噉所以呢，係選主席嘅過程裏便呢，其實係不能參與表決嘅。,因此，在選舉主席的過程中不能參與表決。,20,13,7,3.4210526315789473,2.6666666666666665,10.526315789473685,8.333333333333334,0.20510084770823447
hk/722,722,722,因為基本法講到明呢，呀，大會主席就必須沒有外國居留權㗎。,因為《基本法》已訂明，立法會主席必須在外國無居留權。,18,15,3,4.352941176470588,3.142857142857143,23.529411764705884,21.428571428571427,0.2050643436996467
hk/537,537,537,嗰陣時梅艷芳，e1e1，仲參加新秀，呀，歌-歌唱新秀，呀，都未紅。,梅艷芳剛剛參加歌唱新秀，還未有知名度。,23,11,12,4.363636363636363,2.7,31.818181818181817,20.0,0.20505001309022416
hk/699,699,699,如果依家我去處理嘅話呢，我都違反咗依個會議規則。,如果我處理的話，便違反會議規則。,16,10,6,2.8,1.8888888888888888,6.666666666666667,0.0,0.2044736329595158
hk/760,760,760,嗱，你係講得啱嘅！,你說得對……,9,5,4,2.375,1.75,0.0,0.0,0.20424410578745528
hk/747,747,747,我嘅理解係佢未收倒呢份文件。,便是按照我的理解，他仍未收到相關文件。,11,13,2,2.3,3.0833333333333335,10.0,16.666666666666668,0.20301322203110883
hk/293,293,293,喂！借餅帶嚟吖！,喂！借盒錄音帶給我。,8,8,0,2.5714285714285716,2.2857142857142856,0.0,0.0,0.20281953111478318
hk/2,2,2,咪執返啲嘢去阿哥個新屋度囖。,收拾好哥哥的物品再拿去他的新家。,13,13,0,3.4166666666666665,3.4166666666666665,16.666666666666668,16.666666666666668,0.20173509607063583
hk/989,989,989,主席呀，我-我唔記得咗我講到邊呀。,主席，我忘記說到哪里。,15,8,7,2.642857142857143,1.8571428571428572,21.428571428571427,0.0,0.20130139918730444
hk/469,469,469,但係發展唔到。,但是興趣……發展不了。,5,7,2,1.75,2.0,0.0,0.0,0.2009861938601223
hk/909,909,909,主席，如果你確認呢個係正式嘅會議嘅話呢，你噉樣係嚴重去……《議事規則》第一條㗎。,主席，如果你確認這是一個正式會議，你這樣做嚴重違反了《議事規則》第一條的規定。,27,27,0,4.153846153846154,3.769230769230769,30.76923076923077,23.076923076923077,0.2000186142085754
hk/201,201,201,人哋聽緊㗎！,我正在聽的！,5,5,0,1.75,1.5,0.0,0.0,0.2
hk/344,344,344,都唔得喎。,仍接收不到。,5,5,0,1.5,1.75,0.0,0.0,0.2
hk/590,590,590,你陪我咋嘛，有乜所謂唧？,你只是陪我嘛，沒關係喇。,10,10,0,3.2222222222222223,2.3333333333333335,22.22222222222222,11.11111111111111,0.2
hk/763,763,763,依個係冇錯嘅。,這是正確的。,5,5,0,1.75,1.5,0.0,0.0,0.2
hk/79,79,79,都唔閃嘅！,又不是閃卡！,5,5,0,1.5,1.75,0.0,0.0,0.2
hk/480,480,480,人哋都話，唉，你一定要融入香港呢個潮流囖，如果唔係，你-你冇得生存㗎喇。,別人都說：「你一定要融入香港這個潮流，否則就不能生存。」,27,21,6,3.6538461538461537,4.1,19.23076923076923,20.0,0.19907602437462363
hk/80,80,80,走啦，返屋企啦！,走吧，該回家了！,7,8,1,2.3333333333333335,2.5714285714285716,16.666666666666668,14.285714285714286,0.1990067243004706
hk/111,111,111,不過又驚畀你哋知道喎。,但又怕給你們發現。,8,7,1,2.4285714285714284,2.0,0.0,0.0,0.19900672430047053
hk/971,971,971,我哋希望係，主席一個人喺度主持會議。,我們希望主席你一個人主持會議。,12,10,2,2.909090909090909,3.4444444444444446,18.181818181818183,22.22222222222222,0.1987676495743499
hk/83,83,83,就嚟有閃卡㗎喇！,閃卡快出現了！,6,5,1,2.2,1.5,0.0,0.0,0.1987676495743499
hk/617,617,617,係呀，唔錯呀！,是的，不錯！,6,5,1,2.4,2.25,0.0,0.0,0.19876764957434986
hk/839,839,839,就係你剛才話你嘅責任就係主持會議啦，同埋作出-有結果之後宣佈啦。,你說你的責任是主持會議，以及在得出結果後，作出宣佈。,23,20,3,3.3181818181818183,4.105263157894737,13.636363636363637,26.31578947368421,0.1980711567676102
hk/455,455,455,我唔係嗰種性格，我係中意响出面玩嘅性格。唔中意响屋企做家務呀，帶細路仔嗰種性格。,但我不是那種人，我就是愛出去玩的性格，不愛做家務、帶小孩。,30,25,5,4.620689655172414,4.041666666666667,24.137931034482758,25.0,0.19794944644280524
hk/903,903,903,呢個係有先後次序嘅問題㗎，主席。,主席，這裏涉及先後次序的問題。,11,9,2,3.4,2.25,30.0,0.0,0.19775801697954887
hk/100,100,100,你不如一陣先問下⋯⋯問下豪仔夜晚返唔返嚟食飯。,你順便再問問豪仔晚上會否回來吃飯。,16,11,5,3.2,2.6,20.0,10.0,0.19762893252421332
hk/442,442,442,我-我唔拉人哋嘅電。你睇人哋有-就攞電，呀，我攞發電機。,像電源，我不用別人的，自己預備發電機。,24,13,11,3.0,2.25,13.043478260869565,8.333333333333334,0.19746500650913235
hk/459,459,459,呀呀，好似話，《讓一切隨風》呀，幾乎日日都有人唱。,《讓一切隨風》幾乎天天都有人唱。,17,10,7,3.0,2.0,12.5,11.11111111111111,0.19742919647681892
hk/463,463,463,唱嗰啲，誒，誒，誒，誒，誒。《從不喜歡孤單一個》都有人唱呢啲。,唱那個……《從不喜歡孤單一個》都有呢！,23,11,12,4.2727272727272725,2.2,27.272727272727273,10.0,0.19684051229358734
hk/9,9,9,部機都冇咗嘞。,錄影機早也不在了。,7,7,0,1.6666666666666667,2.1666666666666665,0.0,0.0,0.19677767872596202
hk/671,671,671,噉呀，而家再請所有嘅同事呢，返返去自己原來嘅位置嗰度。,我現在再請所有同事返回自己的座位。,20,11,9,3.210526315789474,2.5,15.789473684210526,10.0,0.19643552540664888
hk/559,559,559,四萬一……四萬幾蚊一個人㗎。,四萬多塊一個人的。,9,7,2,2.375,2.6666666666666665,0.0,0.0,0.19598743070949343
hk/351,351,351,再舉高先跳吖。,再舉高試試收不收到。,7,9,2,1.3333333333333333,1.75,0.0,0.0,0.1959874307094934
hk/581,581,581,你放緊暑假㗎，你嗰陣時，唔使返學㗎！,你放暑假的那時候，不用上學的！,13,11,2,2.6666666666666665,1.7,8.333333333333334,0.0,0.19589688855629928
hk/804,804,804,噉，我希望你-你都考慮下請呢啲議員回去。,希望你考慮請這些議員返回座位。,15,9,6,2.7142857142857144,2.375,7.142857142857143,12.5,0.19547506945076604
hk/539,539,539,梅艷芳喺度唱過，羅文喺度唱過，呀，尹光又喺度唱過。幾多明星喺度唱過呀。,梅艷芳在這裡唱過，羅文、尹光又在這裡唱過，多少大明星在這裡唱過呀！,25,24,1,3.5416666666666665,3.9565217391304346,12.5,26.08695652173913,0.19522573270254764
hk/858,858,858,成個《議事規則》最大嘅精神就係我哋確保每一個議員都能夠-喺充足嘅情況同埋機會之下能夠完成倒個宣誓程序。,《議事規則》最基本的精神是確保每位議員有充足機會完成宣誓程序。,35,20,15,3.5588235294117645,2.5789473684210527,14.705882352941176,10.526315789473685,0.19515451474882906
hk/798,798,798,誒，主席，你作為，誒，代理主席呢，都係唔容易。,主席，你擔任「代理主席」亦不容易。,18,12,6,4.0,2.090909090909091,23.529411764705884,9.090909090909092,0.19467679436231383
hk/834,834,834,噉，我覺得，誒，係咪需要咁，誒，草率地，或者咁急速地，抱「必須要」噉樣處理呢？,我們是否必須如此草率、倉促地處理？,30,11,19,7.0344827586206895,3.6,31.03448275862069,30.0,0.19457539127433987
hk/130,130,130,通常呢，有二十幾張白卡呢，就有一張閃卡嚟㗎。,一般每二十多張白卡便出一張閃卡。,17,11,6,3.375,2.5,18.75,10.0,0.1943854771021983
hk/916,916,916,下，噉，我就，就會係，喺-在坐嘅議員呢，係經過選舉嗰度呢，確認咗佢係議員嘅話呢，雖然佢未宣誓，我係畀佢喺依度呢，係發-發言㗎。,在席議員是經過選舉確認的議員，雖然他未宣誓，但我會容許他發言。,51,21,30,3.74,3.5,18.0,20.0,0.19396106892590245
hk/445,445,445,不過我一個女人，拉電嘅體力真係有限。拉唔郁嘅，拉唔到，搵啲工人拉。,不過我自己一個女人，體力有限，拉不動，找人幫忙。,27,17,10,3.5384615384615383,3.125,15.384615384615385,12.5,0.19198137268444548
hk/431,431,431,讀多啲書自然就有用；學多咗嘢自然就有用。,多讀書就自然能有用，對嗎？,16,10,6,3.2,1.8888888888888888,26.666666666666668,0.0,0.19184358759972328
hk/678,678,678,噉，主席，喂，呢個，我想問秘書處呢，佢有冇處理到梁君彥嘅國籍問題先？,主席，我想問秘書處有否處理梁君彥議員的國籍問題？,25,15,10,4.208333333333333,2.9285714285714284,29.166666666666668,7.142857142857143,0.191649790490526
hk/138,138,138,對唔住呀！,對不起！,3,2,1,1.5,1.0,0.0,0.0,0.1908745046211096
hk/156,156,156,你呀？,你？,3,2,1,1.5,1.0,0.0,0.0,0.1908745046211096
hk/204,204,204,唔好嘈！,閉嘴！,3,2,1,1.0,1.0,0.0,0.0,0.1908745046211096
hk/325,325,325,等陣呀！,等等！,3,2,1,1.5,1.0,0.0,0.0,0.1908745046211096
hk/47,47,47,幾多呀？,多少？,3,2,1,1.5,1.0,0.0,0.0,0.1908745046211096
hk/611,611,611,噉𢰸！,這樣子……,3,2,1,1.5,1.0,0.0,0.0,0.1908745046211096
hk/71,71,71,知道嘞。,知道。,3,2,1,1.5,1.0,0.0,0.0,0.1908745046211096
hk/75,75,75,唔該晒！,謝謝！,3,2,1,1.5,1.0,0.0,0.0,0.1908745046211096
hk/112,112,112,你哋一個二個都係噉。,兩兄妹都這樣。,6,4,2,1.8,1.3333333333333333,0.0,0.0,0.19087450462110958
hk/214,214,214,聽唔聽倒呀？,聽到嗎？,6,4,2,2.6,2.0,0.0,0.0,0.19087450462110958
hk/616,616,616,唱得幾好㗎！,唱得不錯！,6,4,2,2.8,2.0,0.0,0.0,0.19087450462110958
hk/623,623,623,噉邊個玩音樂呀？,誰玩樂器？,6,4,2,1.8,1.3333333333333333,0.0,0.0,0.19087450462110958
hk/914,914,914,我認為要改選主席。,要改選主席。,6,4,2,1.8,1.3333333333333333,0.0,0.0,0.19087450462110958
hk/34,34,34,ＯＫ！,很好！,2,3,1,1.0,1.0,0.0,0.0,0.19087450462110958
hk/407,407,407,喺度。,有了。,2,3,1,1.0,1.5,0.0,0.0,0.19087450462110958
hk/681,681,681,好。,好的。,2,3,1,1.0,1.5,0.0,0.0,0.19087450462110958
hk/780,780,780,誒，嗱，其實我都冇權去確定㗎。,其實，我也無權確定你們是否有權投票。,13,14,1,3.3333333333333335,2.6923076923076925,16.666666666666668,15.384615384615385,0.18783123742295532
hk/172,172,172,係啦，你哋一個⋯⋯好似中意⋯⋯嗰個咩……哦，Eason，一個呢，就中意嗰個⋯⋯黎明。,對了，那時候你們一個喜歡陳奕迅，一個喜歡黎明。,29,16,13,3.857142857142857,3.466666666666667,17.857142857142858,20.0,0.18735534457421518
hk/707,707,707,誒……好，而家呢，喺秘書畀我嘅名單裏便呢，第一位就係阿毛孟靜議員。,根據秘書給我的名單，第一位提出規程問題的議員是毛孟靜議員。,24,18,6,4.6521739130434785,2.7058823529411766,21.73913043478261,11.764705882352942,0.18728932278822502
hk/222,222,222,阿哥佢中意聽陳奕迅嘅話，我就聽陳奕迅。,阿哥愛聽陳奕迅，我就一起聽陳奕迅。,12,11,1,2.090909090909091,2.3,9.090909090909092,10.0,0.18492016978813242
hk/1000,1000,1000,噉，我哋又點樣去開始下一步，呢一個選主席嘅呢一個會議呢？,如何開始下一步選舉主席的會議？,23,10,13,4.818181818181818,2.7777777777777777,31.818181818181817,11.11111111111111,0.18464104071338255
hk/173,173,173,愾！你哋啲嘢邊個打邊個，唔知㗎嘞。,誰喜歡哪個我都忘了。,14,8,6,2.076923076923077,1.7142857142857142,7.6923076923076925,0.0,0.1835365079970949
hk/815,815,815,噉，第三點，至於大家質疑梁君彥議員嗰個國籍問題，嗱，我就，誒，都係一早呢，都好關心呢件事，我多次同梁議員都澄清，誒，要求佢確認。,第三點，至於大家質疑梁君彥議員的國籍問題，我早已很關心此事，並多次請梁議員澄清，要求他確認。,48,32,16,4.446808510638298,3.4838709677419355,23.404255319148938,16.129032258064516,0.18352641676250925
hk/493,493,493,噉，喺嗰度識咗嗰啲唱歌啲朋友啦。帶咗我入嚟廟街話：「哎，廟街都有歌唱㗎喎，誒但係嗰度啲唱歌就唔同嘞，係靠啲客打賞呀噉。」,在那裡認識了一些唱歌的朋友，就帶我進廟街說：「廟街都有歌唱，但那裡就不一樣，是靠客人打賞。」,51,35,16,4.02,3.3529411764705883,22.0,14.705882352941176,0.18332408748554313
hk/863,863,863,如果大家睇返之前嘅片段呢，其實三位議員佢都完整噉樣讀完佢嘅誓詞。,如果大家翻看剛才錄影片段，其實三位議員已完整讀完誓詞。,23,17,6,3.4545454545454546,2.75,13.636363636363637,12.5,0.18311809176224111
hk/683,683,683,噉呢，就因為呢，我剛才呢，已經係講咗，就係話，由於要讓大家進一步瞭解或者澄清有關梁君彥議員嗰個嘅國籍問題呢，我特別安排咗一個時間畀大家呢，喺出便同依個新聞傳媒嗰度呢，係作出交代同埋澄清嘅。,我剛才已經說過，為了讓大家進一步瞭解有關梁君彥議員的國籍問題，或要求他澄清，我已作出-特別安排時間，讓梁議員在會議廳外向傳媒作出交代和澄清。,64,44,20,4.158730158730159,4.883720930232558,19.047619047619047,18.6046511627907,0.1826904384104804
hk/751,751,751,噉，我哋今日呢-我今日呢，就唔係同大家係辯論依啲問題，但係不過大家如果想去澄清有關依啲問題呢，就應該係透過其他途徑。,我今天不是要與大家辯論這個問題，但如果大家想澄清的話，便應該透過其他途徑。,39,24,15,4.7631578947368425,4.086956521739131,23.68421052631579,17.391304347826086,0.18265587249455767
hk/741,741,741,主席呀，我唔係……我唔係要求討論呀。,主席，我不是要求討論。,14,8,6,2.769230769230769,1.8571428571428572,15.384615384615385,0.0,0.18259764379825183
hk/715,715,715,就話第一封信有關佢個國籍、外國居留權嘅問題。,他說第一封信是關乎其國籍或外國居留權的問題。,15,15,0,4.214285714285714,3.2857142857142856,21.428571428571427,14.285714285714286,0.18235583290063956
hk/640,640,640,肥死你呀！又食咁多嘢！,胖死你呀，吃這麼多！,11,9,2,2.6,2.875,10.0,12.5,0.18230644760872802
hk/477,477,477,噉初初嗰時，都係覺得好難接受囉，跟住但係冇辦法。,初初都會覺得好難接受，但無辦法。,17,12,5,3.375,2.5454545454545454,18.75,18.181818181818183,0.18121178042780645
hk/844,844,844,噉，就正如李慧瓊議員所言呢，其實今次個會議係好多人睇緊，亦都好多香港人關注。,正如李慧琼議員所言，很多香港人正在觀看和關注這次會議。,27,17,10,3.769230769230769,2.25,19.23076923076923,12.5,0.1810780476533896
hk/612,612,612,成日都喺度……成日爆㗎，佢！,他整天都爆的！,10,6,4,1.8888888888888888,1.8,0.0,0.0,0.17942628478371941
hk/508,508,508,太悶，喺屋企，除非話阿彌陀佛對住部-四埲牆啫。,太悶，在家就阿彌陀佛對住四塊牆！,18,13,5,3.4705882352941178,2.75,23.529411764705884,8.333333333333334,0.17906984235142334
hk/727,727,727,咩都係正正式式嘞，我哋先開始呢個，誒，誒，選舉嘅程序呢？,所有事情皆被正式確認後，才展開選舉程序呢？,20,14,6,3.8947368421052633,2.230769230769231,21.05263157894737,0.0,0.17889281217890632
hk/252,252,252,抑係噉嘞，我畀兩蚊你，再加多三張Yes!卡。,要不這樣，我給你兩元，再給你扭三張Yes!卡。,18,17,1,3.3529411764705883,3.125,11.764705882352942,12.5,0.17858227092352266
hk/379,379,379,你想我代阿爺丙你呀，吓？,你想我代爺爺打你嗎？,11,9,2,3.6,3.0,30.0,25.0,0.1781358110999608
hk/819,819,819,噉，呢個我理解嘅。,這點我是理解的。,7,7,0,1.8333333333333333,1.8333333333333333,0.0,0.0,0.17787321397664732
hk/312,312,312,嗱，記住，每面三十分鐘。,記著，每一面三十分鐘。,10,9,1,2.5555555555555554,3.25,22.22222222222222,25.0,0.1777401072502537
hk/234,234,234,如果唔係呀，阿爺大家樂見唔倒我哋呢，就死㗎喇。,如果阿爺發現我們不在大家樂，就慘了。,18,12,6,3.1176470588235294,2.3636363636363638,11.764705882352942,9.090909090909092,0.177665316838705
hk/440,440,440,好似呢個檔係彈琴嘅。我唔跟人哋，唔學人哋。要創新嘛，可？做咩要學人哋彈琴呢？,以前這檔是彈琴的，我卻不學他們，要創新！,30,16,14,3.0689655172413794,2.533333333333333,6.896551724137931,6.666666666666667,0.17738100801489087
hk/846,846,846,即係我頭先見倒最大問題就係……,剛才我留意到最大的問題是甚麼？,11,10,1,2.3,2.3333333333333335,10.0,11.11111111111111,0.17655169823924494
hk/817,817,817,噉，及後呢，亦都將由英國領事館發出嘅兩封信，係畀大家去，誒，睇喇。,及後，亦已提供英國領事館發出的兩封信，供大家參閱。,26,17,9,3.72,3.3125,24.0,18.75,0.17604226047232013
hk/735,735,735,噉，梁天琦都唔使畀人disqualify啦，係咪呀？,那麼梁天琦也不應該被disqualified，對嗎？,13,11,2,2.75,2.9,8.333333333333334,10.0,0.17589758651742105
hk/151,151,151,唏，你點知㗎？,你怎麼知道？,7,4,3,1.8333333333333333,1.3333333333333333,0.0,0.0,0.17573813336525587
hk/255,255,255,嗱，一陣就去呀！,待會兒就去！,7,4,3,1.8333333333333333,1.3333333333333333,0.0,0.0,0.17573813336525587
hk/754,754,754,噉，我祇能夠呢……,我祇能夠⋯⋯,7,4,3,1.8333333333333333,1.3333333333333333,0.0,0.0,0.17573813336525587
hk/145,145,145,豪仔，你喺邊呀？,你在哪？,7,4,3,1.8333333333333333,1.3333333333333333,0.0,0.0,0.17573813336525584
hk/188,188,188,第七條我做咗嘞，histogram。,第七題我完成了，直方圖。,9,8,1,2.375,1.8571428571428572,12.5,0.0,0.17567497904218954
hk/272,272,272,我有排都未做完呀。,我還有很多未做好。,8,9,1,2.2857142857142856,2.0,0.0,12.5,0.17567497904218954
hk/772,772,772,我祇係做兩樣嘢唧。,我祇是做這兩件事。,9,8,1,2.625,2.5714285714285716,12.5,0.0,0.17567497904218954
hk/163,163,163,你坐低，你坐低！,你先坐下！,8,5,3,1.7142857142857142,1.5,0.0,0.0,0.17482271134173274
hk/615,615,615,係呀，有冇量過血壓呀？,是的，有量血壓嗎？,10,8,2,2.3333333333333335,2.0,0.0,0.0,0.17482271134173274
hk/540,540,540,喂，點呀？收未呀？,現在是怎樣了？結束了嗎？,9,9,0,1.875,1.75,0.0,0.0,0.17473594598481423
hk/627,627,627,不如睇下鄭多變教嘅蟹蟹瘦身操先啦！,不如先看一下鄭多變教的蟹蟹瘦身操,10,8,2,3.5555555555555554,1.8571428571428572,33.333333333333336,0.0,0.17453764065120614
hk/778,778,778,如果你係影響唔倒，誒，大家個投票個進程呢，我係唔阻，我-我-我係唔阻止你嘅。,如果你不影響大家的投票程序，我是不會阻止你的。,32,17,15,3.903225806451613,2.875,16.129032258064516,12.5,0.17445404065401815
hk/291,291,291,哦，嗰度我識做㗎喇。,那題我明白了。,9,6,3,2.5,1.4,0.0,0.0,0.17429115623471672
hk/158,158,158,未出世？點會呀？,怎可能？,7,3,4,2.6666666666666665,1.0,0.0,0.0,0.1737661250829763
hk/517,517,517,冇苛求，冇苛求呀。,沒苛求。,7,3,4,2.5,1.5,16.666666666666668,0.0,0.1737661250829763
hk/688,688,688,而今日我哋個會議裏面呢，係冇辦法去處理依個問題嘅。,今天的會議中則沒有辦法處理這個問題。,17,11,6,2.75,1.8,18.75,0.0,0.17329000070101586
hk/775,775,775,如果真係為咗抗爭，我係不同意而家呢一個噉樣嘅程序嘅，我都行出唻，我而家抗爭，企喺你後面，我係唔走。,為了抗爭，為表示我不同意現時的程序，我現在也走出來，站在你後面不會離開。,38,26,12,4.837837837837838,3.32,21.62162162162162,20.0,0.1729113905152204
hk/816,816,816,佢多次呢，都係已經係好確認噉講呢，就係佢已經處理好。,而他已多次確定地表示事情已經處理好。,22,12,10,3.0952380952380953,3.0,14.285714285714286,9.090909090909092,0.17259634955428368
hk/328,328,328,咩嚟㗎，咩嚟㗎，呢隻？,什麼來的？,11,4,7,3.6,2.0,20.0,0.0,0.17236377039090492
hk/921,921,921,誒，因為呢，當任何議員未曾做依一個嘅最後嘅宣誓嘅時候呢，佢仍然都有議員嘅-嘅，唔係-係有資格，佢身份裏便嚟講嘅話呢。,即使任何議員未曾作最後宣誓，他仍具議員的資格，這是就其身份而言。,45,23,22,4.909090909090909,2.772727272727273,27.272727272727273,13.636363636363637,0.17212502861095796
hk/980,980,980,係祇係你哋呢，係提出呢啲噉嘅問題出嚟呢，會議先唔能夠進行。,……祇是你們提出這些問題，會議便不能進行。,22,14,8,4.904761904761905,2.6923076923076925,23.80952380952381,7.6923076923076925,0.17109734648778765
hk/764,764,764,但不過問題在於呢，我唔能夠作任何嘅一個-建議你，跟住點樣做，因為我冇依一個身份。,不過，問題是我不能夠建議他接着該怎樣做，因為我沒有這個身份。,30,21,9,4.103448275862069,3.45,20.689655172413794,10.0,0.17097726553081277
hk/968,968,968,梁美芬議員，請你坐低！,梁美芬議員，我還未批准你發言，請坐下。,8,14,6,1.8571428571428572,2.4615384615384617,0.0,15.384615384615385,0.17096334833064447
hk/984,984,984,下一位呢，就係陳直-陳志全議員。,下一位是陳志全議員。,12,7,5,2.3636363636363638,1.6666666666666667,9.090909090909092,0.0,0.16997428686876645
hk/786,786,786,誒，清唔清醒唔係你判斷㗎喎。,我清醒與否不是由你判斷的。,11,11,0,2.5,2.3,10.0,0.0,0.1697880678867998
hk/908,908,908,噉，我就要畀佢繼續發言落去。,我會讓他發言。,11,6,5,2.2,1.8,0.0,0.0,0.16946487637145038
hk/748,748,748,噉，我哋點可以喺呢度進行呢個選舉嘅過程呢？,試問我們怎可以在這裡進行選舉的程序呢？,14,12,2,3.5384615384615383,4.2727272727272725,23.076923076923077,27.272727272727273,0.16884028808586732
hk/218,218,218,都幾襯吖，佢哋。,不是蠻合襯嗎？,7,6,1,2.0,1.8,0.0,0.0,0.16884028808586724
hk/949,949,949,呢個錯嘅決定，係咪？,這是錯的決定。,7,6,1,2.0,2.2,0.0,0.0,0.16884028808586724
hk/887,887,887,係好決定我哋未來呢個立法會任期入便呢啲會議係點樣進行，係對全香港人嘅公眾利益都係，即係非常重大嘅關係。,這相當影響未來立法會任期內會議如何進行，跟全港公眾利益也有莫大關係。,34,21,13,4.909090909090909,3.65,27.272727272727273,20.0,0.16819274580649035
hk/1,1,1,你喺度搵乜嘢呀？,你在找些什麼？,6,6,0,1.8,1.8,0.0,0.0,0.16666666666666666
hk/30,30,30,爺爺，我行嘞！,爺爺，可以走了！,6,6,0,1.6,1.6,0.0,0.0,0.16666666666666666
hk/326,326,326,第一個幾多分呀？,第一首有多長？,6,6,0,1.4,1.6,0.0,0.0,0.16666666666666666
hk/553,553,553,你阿媽唔得閒呀。,你媽咪沒時間呀。,6,6,0,1.4,1.6,0.0,0.0,0.16666666666666666
hk/646,646,646,有冇掛住我呢？,有無想念我呢？,6,6,0,1.8,1.8,0.0,0.0,0.16666666666666666
hk/964,964,964,請大家坐低先。,請大家先坐下。,6,6,0,2.6,2.2,0.0,0.0,0.16666666666666666
hk/496,496,496,因為我哋不嬲唱歌都係自己一個舞台唱歌，唱完歌就走嘞，唔需要同啲客打招呼啦。,因為我們一向都是自己一個舞台唱歌，唱完歌就走，不需要與客人打招呼。,27,23,4,4.576923076923077,3.8181818181818183,19.23076923076923,13.636363636363637,0.16639327442989382
hk/841,841,841,即係話睇依啲法律觀點，或者咁大風險之下，你覺得今日唔適宜作出今日選主席決定呢？,面對這些法律觀點或風險，你認為今天是否不適宜就選舉立法會主席作出決定？,24,22,2,3.739130434782609,2.857142857142857,21.73913043478261,14.285714285714286,0.1658977876670392
hk/768,768,768,我想澄清一下我主席做乜嘢喺度。,我也想澄清我坐在這裡做甚麼。,10,11,1,2.3333333333333335,2.9,11.11111111111111,10.0,0.1656598995129005
hk/120,120,120,走啦，走啦，走！,走啦！,8,3,5,3.142857142857143,1.5,28.571428571428573,0.0,0.16563338550830675
hk/935,935,935,但係不過我覺得呢，我依據剛才嘅程序裏便嚟講嘅話呢，因為-因為你哋大家未宣誓嗰陣時呢，都有資格坐喺依個議-會議廳嗰度嘅話呢，我用依一個概念。,但我認為按照剛才的程序，你們尚未宣誓已有資格在會議廳就座，我是基於這個理念作出決定。,47,26,21,4.978260869565218,3.92,15.217391304347826,20.0,0.1654194068322967
hk/429,429,429,係要幫人打工㗎！打咗工又有經驗喇，自己搞掂。,總要幫別人打工的，打過工有經驗了，自己就能做好。,18,20,2,3.411764705882353,4.7894736842105265,23.529411764705884,26.31578947368421,0.16534230955876422
hk/523,523,523,我叫做李紅呀，個個人就叫我做紅姐囖。,我叫李紅，人人叫我紅姐。,14,9,5,3.0,2.375,15.384615384615385,12.5,0.16486388356945275
hk/636,636,636,係囖，呢個好啲喎，呢個呀！,是的，這個比較好。,13,8,5,2.0833333333333335,3.142857142857143,0.0,28.571428571428573,0.16479896093599053
hk/868,868,868,而我相信好多議員，即係包括好多直選，有好多民意基礎支持嘅議員呢，亦都唔能夠信納呢個選舉嘅結果。,我相信很多議員，包括眾多有廣大民意基礎支持的直選議員，都不能信納這次選舉結果。,29,25,4,5.607142857142857,5.083333333333333,32.142857142857146,25.0,0.16436943466647091
hk/928,928,928,但係不過問題在於就係咩呢？仲未有人去取消佢資格，佢未宣誓。,不過問題在於尚未有人取消他的資格，他是未宣誓。,22,17,5,3.9523809523809526,3.125,19.047619047619047,12.5,0.16400714830499796
hk/426,426,426,噉呢，佢炒咗我嘞。剛好呢度嘅老世呢，佢又好忙，做唔嚟，打理唔過嚟，佢有其他地方。,他解僱我以後，剛好這邊的老闆很忙，做不來，打理不了。,33,20,13,3.34375,2.736842105263158,18.75,15.789473684210526,0.16336756766498892
hk/773,773,773,其他嘢呢，我都唔應該做嘅。,而不應該做其他事。,11,7,4,2.4,2.0,10.0,0.0,0.16324548941662248
hk/462,462,462,呀，呀，又有人唱，都有人唱新歌呀。,都有人唱新歌！,17,7,10,2.9375,1.8333333333333333,12.5,0.0,0.16308841879782876
hk/544,544,544,人不留人，就雨留人吖嘛！啱唔啱先。,人不留人，雨留人。,16,9,7,2.1333333333333333,2.25,0.0,12.5,0.1630420915415438
hk/1003,1003,1003,所以，主席，首先你要去望一望呢一個sh-《議事規則》裏便嘅資料，去決定返我哋先後次序。,所以，主席，請你先看看《議事規則》，以決定各事項的先後次序。,29,21,8,4.571428571428571,2.85,25.0,10.0,0.1629716714721627
hk/952,952,952,你唔同意我決定嘅話呢，你可以去法庭上高，去質疑我依個決定。,如果你不同意我的決定，可以向法庭提出質疑。,20,14,6,2.8421052631578947,2.5384615384615383,10.526315789473685,7.6923076923076925,0.1629609291360946
hk/483,483,483,每一個歌手都有一個藝名，有一個唱歌嘅名嚟嘅，藝名嚟嘅。,每一個歌手都有一個藝名的。,23,11,12,3.5454545454545454,2.4,18.181818181818183,0.0,0.16091268966089547
hk/227,227,227,Eason每兩至三個月就出一次新碟。,而且陳奕迅每兩三個月便出一張新唱片。,14,14,0,3.0,3.230769230769231,7.6923076923076925,15.384615384615385,0.16036517841689507
hk/464,464,464,你以前做咩？,你以前做過什麼呢？,5,7,2,1.5,2.1666666666666665,0.0,0.0,0.16011249429901198
hk/149,149,149,爺爺呀，你睇下！,爺爺，你看！,7,5,2,1.8333333333333333,1.5,0.0,0.0,0.16011249429901192
hk/211,211,211,邊個打嚟呀？,是誰打電話來的？,5,7,2,1.75,2.8333333333333335,0.0,16.666666666666668,0.16011249429901192
hk/377,377,377,再大聲，嘈醒阿爺，起身丙你吖嘛，知唔知呀，吓？,你再大聲說話小心爺爺起床打你，知道嗎？,19,13,6,4.277777777777778,2.0,16.666666666666668,8.333333333333334,0.1597332701629932
hk/661,661,661,就，議會裏便呢，我就唔能夠根據依一個嘅《議事規則》裏便呢，係容許大家提問，或者係作出任何嘅討論嘅。,在會議廳內，根據《議事規則》，我不能容許大家提問或作出任何討論。,35,21,14,5.9411764705882355,2.65,35.294117647058826,15.0,0.15967504712481845
hk/762,762,762,就係當佢如果係選咗之後呢，就即係如果係唔符合呢度呢，佢就唔應該成為一個嘅主席。,……就是一旦他當選，發覺條件不符合規定，他便不應該成為主席。,29,20,9,4.107142857142857,4.052631578947368,10.714285714285714,15.789473684210526,0.15955917669589942
hk/490,490,490,噉，我嚟到香港呢，我都希望搵返我自己中意個行業做囖。,那我來到香港都希望找到我喜歡的行業工作。,21,15,6,3.15,2.5,25.0,14.285714285714286,0.1595106189240177
hk/937,937,937,無論你接受與唔接受都好，無論你覺得我依個擉-決定啱與唔啱都好……,無論你接受與否，又或我的決定是對或錯。,24,16,8,3.391304347826087,2.8,13.043478260869565,13.333333333333334,0.15921973288959282
hk/685,685,685,不過呢，就係無論當事人呢，點樣澄清，點樣作出一個嘅解釋嘅話呢，其實我喺依個會議上高，我唔能夠作任何嘅保證大家滿意或者唔滿意嘅。,不過，無論當事人如何澄清及解釋，在這個會議上，我不能保證令大家滿意。,42,22,20,4.658536585365853,3.238095238095238,21.951219512195124,14.285714285714286,0.1589178403299163
hk/432,432,432,係咪噉呀？我教我個女，真係噉教呀。,我都是這樣教我女兒的。,17,9,8,3.5,2.25,18.75,12.5,0.1585739508605378
hk/873,873,873,假如今日喺一個咁粗疏嘅情況之下進入程序嘅話呢，即係畀佢「過倒海係神仙」㗎嘑，主席。,如果我們今天在一種如此粗疏的情況下進入選舉立法會的程序，主席，就是讓梁君彥議員「過了海便是神仙」。,30,34,4,4.551724137931035,3.727272727272727,34.48275862068966,24.242424242424242,0.15836292724177065
hk/413,413,413,因為-因為我呢個年紀嘅人，好似呢個年紀嘅人，應該喺屋企帶孫，有孫嘛，可？帶孫呀，煮飯買菜呀。,因為我這年紀的人，應該在家帶孫子，煮飯。,35,15,20,3.0,2.5714285714285716,17.647058823529413,7.142857142857143,0.1580206315037031
hk/454,454,454,因為-因為我呢個年紀嘅人，好似呢個年紀嘅人，應該喺屋企帶孫，有孫嘛，可？帶孫呀，煮飯買菜呀。,因為我這年紀的人，應該在家帶孫子、煮飯。,35,15,20,3.0,2.5714285714285716,17.647058823529413,7.142857142857143,0.1580206315037031
hk/878,878,878,所以我都係，希望主席你能夠-即係，請靜-請耐心，請聆聽我哋會眾嘅意見，作出你嘅裁決。,因此，我希望主席你能夠耐心聆聽議員的意見，然後作出裁決。,30,17,13,2.689655172413793,2.9375,10.344827586206897,12.5,0.15616180690925607
hk/919,919,919,如果你又認為佢嘅宣誓有效，你畀佢做，你可以決定，可以有基礎。,如果你認為他的宣誓有效而准許他發言，你可以此為基礎作出決定。,22,21,1,2.8095238095238093,3.25,14.285714285714286,20.0,0.15612792555948266
hk/213,213,213,喂？喂？,喂？,4,2,2,1.3333333333333333,1.0,0.0,0.0,0.15563906222956642
hk/635,635,635,唏～噉樣？,這樣？,4,2,2,1.3333333333333333,1.0,0.0,0.0,0.15563906222956642
hk/127,127,127,快啲瞓！,快去睡！,4,4,0,1.3333333333333333,1.3333333333333333,0.0,0.0,0.15563906222956642
hk/481,481,481,我慢慢適應。,唯有慢慢適應……,4,4,0,1.3333333333333333,1.3333333333333333,0.0,0.0,0.15563906222956642
hk/507,507,507,因為我哋，係退休先嚟。,我們是退了休才來。,8,8,0,2.5714285714285716,2.857142857142857,14.285714285714286,14.285714285714286,0.15563906222956642
hk/990,990,990,頭先比較混亂。,剛才較為混亂。,4,4,0,1.3333333333333333,1.3333333333333333,0.0,0.0,0.15563906222956642
hk/314,314,314,中間唔要有空白呀，知唔知呀？,中間不要有空白，明白嗎？,12,9,3,2.4545454545454546,1.75,9.090909090909092,0.0,0.1555750888537232
hk/1002,1002,1002,喺第十二則，每屆任期嘅首次會議嗰度係有清晰列明。,在第十二條（每屆任期的首次會議）已有明確規定。,18,17,1,2.764705882352941,3.0,11.764705882352942,18.75,0.15450784904602194
hk/827,827,827,不過我相信呢，即係喺呢個會議廳裏面呢，唔同政治立場嘅議員呢，佢哋對依件事係有唔同嘅態度，但係不能夠因為依一個原因呢，係阻礙我哋今天既定嘅議程。,但我相信在這個會議廳內，雖然不同政治立場的議員對此事抱持不同的態度，但亦不能因此而阻礙今天既定的議程。,51,36,15,4.98,5.0,18.0,17.142857142857142,0.15399878762141764
hk/576,576,576,係呀，你陪我去啦！,是的，你陪我去啦！,9,9,0,2.75,2.25,12.5,0.0,0.15304930567574826
hk/941,941,941,阿代理主席，阿代理主席，你就真係唔係好想做「醜人」嘅，我知你嘅，但係你唔可以違反我哋嘅《議事規則》㗎。,主席，我明白你不想當「醜人」，但你不可以違反《議事規則》。,40,22,18,3.923076923076923,3.4285714285714284,15.384615384615385,9.523809523809524,0.153007717120193
hk/676,676,676,噉，如果大家有任何規程問題呢，係可以提問嘅。,如果大家有任何規程問題，可以提出。,15,10,5,3.5,2.3333333333333335,21.428571428571427,11.11111111111111,0.15269960369688754
hk/946,946,946,嗱，我都講咗嘞。,我已說了。,8,5,3,2.0,1.5,0.0,0.0,0.15220409346653072
hk/256,256,256,誒，食啦！,快吃吧！,5,4,1,1.5,1.3333333333333333,0.0,0.0,0.15220409346653072
hk/829,829,829,閣下嘅工作呢-閣下嘅工作呢，亦都係祇能夠主持今天呢個大主席嘅選舉，所以我希望你呢，唔好再浪費時間呢，而係能夠直接進入依個，欸，立法會主席選舉。,而閣下的工作亦祇是主持今天這項主席選舉，所以我希望你不要再浪費時間，直接進入立法會主席選舉的程序。,50,31,19,3.4081632653061225,3.3,18.367346938775512,13.333333333333334,0.1518334909181927
hk/797,797,797,噉，我想邀請你再決定一下係唔係應該逆住咁多嘅程序公義去繼續處理呢個會議，去繼續選一個冇任何代表性嘅主席呢？,我想請你決定，面對那麼多程序公義問題，應否繼續進行會議，選出一位沒有任何代表性的立法會主席？,38,30,8,4.0,4.137931034482759,18.91891891891892,24.137931034482758,0.15085383497759794
hk/143,143,143,就嚟畀人捉㗎喇！,快要被人抓到了！,7,8,1,1.8333333333333333,2.142857142857143,0.0,0.0,0.15044809880776056
hk/962,962,962,根據《議事規則》呢，我做嘅決定就係最後決定嚟㗎嘞。,根據《議事規則》，我作的決定便是最終決定。,19,15,4,2.611111111111111,2.4285714285714284,5.555555555555555,7.142857142857143,0.14950832349757054
hk/820,820,820,但係，起碼我自己睇咗嗰兩封信呢，我認為去到現在呢，冇其他新嘅證據呢，就話梁議員呢個英籍問題呢，係冇處理到嘅。,但我看過那兩封信後，最低限度認為到此刻，沒有其他新證據指梁議員的英籍問題並未處理。,42,29,13,3.5609756097560976,3.607142857142857,12.195121951219512,21.428571428571427,0.14882341782038525
hk/8,8,8,呢啲都唔要㗎啦，可？,這些都沒用了吧？,9,6,3,2.625,1.8,0.0,0.0,0.14866814231242048
hk/658,658,658,噉，由於呢，我哋今日依一個嘅會議呢，係冇任何嘅程序或者規矩呢，係容許我哋喺依個議會場裏便呢，係進行澄清提問、辯論或者係提問嘅……諮詢等等嘅，所以因此呢，喺依個會議室裏便，我係唔可以係做依個工作。,由於今天的會議並沒有任何程序，容許我們在會議廳內進行澄清、提問、辯論或諮詢等，因此我們不可以在會議廳內進行這些工作。,65,35,30,4.46875,3.7058823529411766,23.4375,17.647058823529413,0.1485956190156899
hk/438,438,438,或者個key唔啱呃，佢都可以唱，嚟發洩自己。,即使音調不對，也可以發洩一下。,16,10,6,2.6666666666666665,1.8888888888888888,13.333333333333334,0.0,0.1481960825329059
hk/6,6,6,係喇，豪仔今晚返唔返嚟食飯呀？,豪仔今晚點來吃飯嗎？,11,7,4,2.5,2.0,0.0,0.0,0.14774535274426676
hk/519,519,519,一樣，一樣，冇乜分別，差唔多。係呢三檔以前冇，而家有。,一樣，一樣……不大分別，只是以前沒有這三檔，現在有了。,20,20,0,4.0,3.3684210526315788,21.05263157894737,21.05263157894737,0.1476102053755828
hk/529,529,529,噉有啲人移民咗去外國呢，都返嚟講話：「阿紅姐，你千祈唔好執咗呢個檔呀，呢度係廟街嘅文化。」,有些人移民去外國後，回來都說：「紅姐，你千萬不要結束這個檔啊！這裡是廟街的文化！」,35,30,5,4.0,3.5517241379310347,29.41176470588235,20.689655172413794,0.14728099502020445
hk/556,556,556,你點解唔得閒陪我唧？,你為什麼沒空陪我呢？,8,7,1,2.142857142857143,2.0,0.0,0.0,0.14675090089431408
hk/19,19,19,我都唔睇呢啲公仔嘅。,我不愛看這些卡通片。,8,7,1,2.2857142857142856,2.0,0.0,0.0,0.14675090089431406
hk/609,609,609,冇，我掛住你啫。,沒甚麼……我掛念你而已……,7,8,1,1.8333333333333333,2.0,0.0,0.0,0.14675090089431406
hk/87,87,87,你畀我兩張啦！,你給我扭兩張吧！,7,8,1,2.5,2.5714285714285716,0.0,14.285714285714286,0.14675090089431406
hk/597,597,597,噉我收工返到屋企，跟住呢，我個仔問我喎：「你聽日去旅行呀？」,然之後，我兒子問我：「你明天去旅行嗎？」,25,15,10,2.7916666666666665,2.5,12.5,7.142857142857143,0.1465842360282419
hk/957,957,957,我已經畀佢發言囖。,我已經作出決定，讓他發言。,7,9,2,2.1666666666666665,2.125,0.0,12.5,0.1452696486864135
hk/739,739,739,如果喺程序進行嘅條文，係容許議員呢，喺選舉主-主席嘅會議上高，就候選人嘅事進行討論。,而有關的條文是容許議員在選舉主席的會議上，就候選人的事宜進行討論的。,28,22,6,3.7777777777777777,4.0476190476190474,18.51851851851852,19.047619047619047,0.14440687432063545
hk/419,419,419,使唔使我呀，幫手呀，ei1。,要我幫忙嗎？,11,5,6,4.5,2.5,40.0,0.0,0.14437739066618688
hk/331,331,331,但我覺得嗰晚，我哋做咗件好型好浪漫嘅事。,但我覺得那一晚，我們幹了一場很帥很浪漫的事情。,17,19,2,3.375,3.4444444444444446,18.75,22.22222222222222,0.14431462745006068
hk/1004,1004,1004,係要畀每一個議員，出席咗會議嘅議員，去作出咗呢個宗教式，或者非宗教式宣誓後，再按照呢個《議事規則》第四條呢，先去進行選，主席呢一個程序。,應該讓每位出席會議的議員作出宗教式或非宗教式宣誓後，再按照《議事規則》第四條進行選舉主席的程序。,50,32,18,5.469387755102041,5.129032258064516,24.489795918367346,29.032258064516128,0.14422315263095103
hk/831,831,831,主席，誒，剛才毛孟靜議員已經提及到其中一個觀點呢，就係，我會用一個最嚴謹最，誒，謹慎合理嘅做法。,主席，毛孟靜議員剛才提到一個觀點，就是按照最嚴謹、最謹慎、合理的做法。,35,24,11,4.588235294117647,3.782608695652174,32.35294117647059,21.73913043478261,0.14337747465615927
hk/182,182,182,最高頻率嗰組呀？,最高頻率那組嗎？,7,7,0,1.3333333333333333,2.0,0.0,0.0,0.14285714285714285
hk/38,38,38,爺爺，我行得喇！,爺爺，我們快走吧！,7,7,0,1.8333333333333333,1.8333333333333333,0.0,0.0,0.14285714285714285
hk/567,567,567,四萬幾蚊一個人㗎！,四萬多塊一個人的！,7,7,0,2.6666666666666665,2.6666666666666665,0.0,0.0,0.14285714285714285
hk/575,575,575,唔係我唔使搵你啦！,不然我不用找你了！,7,7,0,2.0,2.0,0.0,0.0,0.14285714285714285
hk/994,994,994,梁頌恆，請你繼續發言。,梁頌恒議員，請繼續發言。,7,7,0,1.8333333333333333,1.8333333333333333,0.0,0.0,0.14285714285714285
hk/514,514,514,傾唔兩句呀-呀-呀-呀，頂嘴㗎啦，啱唔啱先。,談兩句就吵架了，對嗎？,21,10,11,4.6,1.7777777777777777,35.0,0.0,0.14270432069578107
hk/577,577,577,唔使你出呀，我請晒你呀！,不用你付呀……我請你呀！,11,10,1,3.1,2.3333333333333335,20.0,11.11111111111111,0.14231484490804247
hk/154,154,154,喂，你成日同阿哥細個嗰陣時周圍去。,喂，從前你常帶哥哥四處走。,11,10,1,3.5,2.3333333333333335,30.0,0.0,0.14231484490804241
hk/596,596,596,琴日呢，我返到屋企喎！,昨晚呢，我下班回到家裡。,9,10,1,2.25,2.0,0.0,0.0,0.1421242066232132
hk/890,890,890,誒m，我剛才祇不過依書直說唧，我祇係根據《基本法》嗰個-朗讀畀大家聽唧，冇，我冇參與我個人嘅意見落去。,我剛才祇是依書直說，向大家引述《基本法》的內容，並沒有加入個人意見。,34,21,13,4.757575757575758,3.45,18.181818181818183,10.0,0.14203920264760686
hk/411,411,411,每一個歌手呢，都有一個藝名，有一個唱歌嘅名嚟嘅，藝名嚟嘅。,每一個歌手都有一個藝名的。,25,11,14,3.8333333333333335,2.4,20.833333333333332,0.0,0.14085248983791293
hk/422,422,422,我姓湯，不過啲人成條街都唔知道我姓湯，冇人知道我叫咩名嘅。,我姓湯，但整條街沒有人知道我姓湯，沒有人知道我叫什麼名字。,26,23,3,4.0,2.9545454545454546,20.0,13.636363636363637,0.14080973623551923
hk/867,867,867,如果我哋唔去處理佢，然後再進行主席嘅選舉嘅話呢，即係立法會係好難去取信於人。,如果我們不先處理這些問題，然後才進行主席選舉，立法會便難以取信於人。,24,19,5,3.391304347826087,3.1666666666666665,17.391304347826086,16.666666666666668,0.1398374324476242
hk/381,381,381,坐低啦，好唔好呀？,乖乖坐下吧！,9,5,4,3.0,1.75,12.5,0.0,0.13982173498540132
hk/468,468,468,係，細個到而家都係興趣，呢啲係興趣，下。,從小到大都是興趣。,15,8,7,3.2142857142857144,1.8571428571428572,14.285714285714286,0.0,0.1396493462029794
hk/3,3,3,該拎嗰啲都拎走咗啦！,該取走的都取走了！,9,9,0,1.875,1.875,0.0,0.0,0.1383458330929479
hk/296,296,296,我有個朋友八號生日呀！,我有朋友八號生日！,8,6,2,2.5714285714285716,1.8,14.285714285714286,0.0,0.1379253809700301
hk/910,910,910,我希望你重新考慮呢個問題。,我希望你重新考慮。,8,6,2,2.2857142857142856,2.2,14.285714285714286,0.0,0.1379253809700301
hk/116,116,116,去瞓覺！,快去睡！,3,4,1,1.5,1.3333333333333333,0.0,0.0,0.1379253809700301
hk/180,180,180,點分呀？,怎麼分辨？,4,3,1,1.3333333333333333,1.0,0.0,0.0,0.1379253809700301
hk/241,241,241,唔得呀！,不行！,4,3,1,1.3333333333333333,1.0,0.0,0.0,0.1379253809700301
hk/244,244,244,五蚊啦！,五元！,4,3,1,1.3333333333333333,1.0,0.0,0.0,0.1379253809700301
hk/245,245,245,唔得呀！,不行！,4,3,1,1.3333333333333333,1.0,0.0,0.0,0.1379253809700301
hk/250,250,250,唔得呀！,不行！,4,3,1,1.3333333333333333,1.0,0.0,0.0,0.1379253809700301
hk/294,294,294,唔得呀！,不要！,4,3,1,1.3333333333333333,1.0,0.0,0.0,0.1379253809700301
hk/361,361,361,繼續講吖！,繼續說！,4,3,1,2.0,1.5,0.0,0.0,0.1379253809700301
hk/41,41,41,唔好整呀！,不要弄！,4,3,1,1.3333333333333333,1.0,0.0,0.0,0.1379253809700301
hk/46,46,46,六十六個四。,六十六塊四,4,3,1,1.3333333333333333,1.0,0.0,0.0,0.1379253809700301
hk/48,48,48,六十六個四。,六十六塊四,4,3,1,1.3333333333333333,1.0,0.0,0.0,0.1379253809700301
hk/545,545,545,冇辦法。,無辦法啊。,3,4,1,1.5,2.0,0.0,0.0,0.1379253809700301
hk/551,551,551,睇北極光吖！,北極光丫……,4,3,1,2.0,1.5,0.0,0.0,0.1379253809700301
hk/591,591,591,今日星期二喎！,今天星期二！,4,3,1,1.3333333333333333,1.0,0.0,0.0,0.1379253809700301
hk/593,593,593,今日星期四呀！,今天星期四！,4,3,1,1.3333333333333333,1.0,0.0,0.0,0.1379253809700301
hk/77,77,77,好好彩喎！,真好運！,4,3,1,1.3333333333333333,1.0,0.0,0.0,0.1379253809700301
hk/837,837,837,如果喺噉嘅情況之下，如果根據基本法七十一條所講呢，其實講緊居留權嘅，噉，我覺得呢個喺未澄清之前，係咪需要，欸，喺依一刻做依樣嘢呢？,在此情況下，就《基本法》第七十一條所指的外國居留權問題，我認為在未澄清之前，是否必須在這一刻選舉立法會主席？,46,36,10,4.622222222222222,3.3142857142857145,26.666666666666668,14.285714285714286,0.13643285603092734
hk/860,860,860,我會認為就係呢樣嘢就係完全違反咗《議事規則》本身應該要有嘅精神。,我認為這是完全違反了《議事規則》應有的精神。,24,16,8,3.347826086956522,2.8666666666666667,13.043478260869565,13.333333333333334,0.1355774802291026
hk/933,933,933,我，話第一階程完咗之後呢，先有資格去第二階段參與-參與會議呀。,我祇是提出，議員要完成第一階段的宣誓，才有資格進入第二階段參與會議。,22,22,0,2.9523809523809526,4.095238095238095,19.047619047619047,19.047619047619047,0.13504871793250173
hk/925,925,925,主席，但係當你已經話宣布呢，已經進入第二階段，選主席階段呢，你已經確認咗，第一階段嘅一個宣誓儀式已經完成咗。,主席，當你宣佈進入選舉主席的第二階段，便已確認完成了第一階段的宣誓儀式。,36,23,13,3.914285714285714,3.3636363636363638,14.285714285714286,22.727272727272727,0.13436696045890228
hk/516,516,516,攰攰地返屋企沖個涼，搵下周公，呀～噉咪幾爽。,累了就回家洗澡「找周公」，幾爽。,18,14,4,4.0588235294117645,2.923076923076923,23.529411764705884,15.384615384615385,0.1332128651038746
hk/229,229,229,唔知阿哥乜嘢叫做好tei1si2啦。,不懂哥哥什麼叫好品味。,9,8,1,2.875,2.142857142857143,25.0,14.285714285714286,0.13265248350446857
hk/563,563,563,係呀，好正㗎，嗱。,是的，超正點的。,9,7,2,3.125,2.5,25.0,16.666666666666668,0.13249902914399905
hk/918,918,918,不過我想知你嘅決定係建基於你認為有關議員是否應該正式宣誓之後做，定話唔做？,但我想知道，你的決定是否建基於你認為有關議員是否應該正式宣誓？,25,19,6,3.3333333333333335,3.2222222222222223,12.5,16.666666666666668,0.13184072559510315
hk/701,701,701,噉，所以大家呢，要我去表示究竟依個會係咪合法呢，我祇能夠根據會議規則呢，依個會而家進程係合法嘅。,大家如果要我表明這個會議究竟是否合法，我祇能夠說，根據會議規則，這個會議是合法的。,33,29,4,4.71875,3.2857142857142856,28.125,17.857142857142858,0.13174031783309775
hk/771,771,771,而第二樣嘢呢，就係，宣布邊位嘅候選人呢，係當選。,第二，宣布哪位候選人當選。,19,8,11,2.8333333333333335,2.2857142857142856,16.666666666666668,0.0,0.13159948857350687
hk/412,412,412,哎唷，哎吔，呢個冇人贊成嘅。,唉呀！這個沒有人贊成的！,10,9,1,2.2222222222222223,2.375,0.0,0.0,0.13151167399724994
hk/441,441,441,我就要搞卡拉ＯＫ，琴師都唔使。,我要弄卡拉OK，琴師也不用。,11,9,2,2.2,2.625,10.0,12.5,0.13144465300138639
hk/659,659,659,噉，但係不過，要係讓大家一啲關心嘅議員呢，能夠得到澄清嘅話呢，我就建議，阿梁君彥議員呢，喺稍後即刻嘅時間呢，就到到出便嗰度，就向新聞傳媒交待佢嘅國籍問題。,不過，為讓一些關注此事的議員能獲澄清，我建議梁君彥議員稍後到會議廳外，向新聞傳媒交代他的國籍問題。,53,32,21,4.769230769230769,4.516129032258065,19.23076923076923,32.25806451612903,0.13133968541671798
hk/491,491,491,噉咪，嚟到香港之後，就會去搵朋友啦，睇報紙啦。,所以來到香港之後就找朋友、看報紙。,19,12,7,2.611111111111111,2.6363636363636362,11.11111111111111,9.090909090909092,0.13072762991323858
hk/801,801,801,噉，其中，誒，《議事規則》，我相信-都請你瞭解一下。,此外，我想請你也瞭解一下《議事規則》。,20,14,6,3.736842105263158,2.3846153846153846,21.05263157894737,7.6923076923076925,0.12995597599885383
hk/586,586,586,你放緊暑假，唔使返學㗎！,你放暑假，不用上學的！,9,8,1,2.625,2.2857142857142856,12.5,14.285714285714286,0.1297754204094649
hk/629,629,629,四四方方嗰個呀，細啲呀！,四四方方那個，小一點的！,9,8,1,1.875,2.0,0.0,0.0,0.12977542040946488
hk/682,682,682,等我講，得唔得？,請先讓我說，可以嗎？,8,9,1,2.0,2.75,0.0,25.0,0.12977542040946488
hk/832,832,832,就係我哋未見倒一份正式嘅文件之前呢，我哋好難去憑一個電郵又好，或者相關啲文件嘅副本呢，去到確認，哪怕我哋相信佢都好。,在我們看到正式文件前，實難以單憑一封電郵或相關文件的副本予以確認，即使我們相信他。,43,27,16,5.523809523809524,3.8461538461538463,28.571428571428573,19.23076923076923,0.12922643951283558
hk/977,977,977,請呢五位議員返返去個席位嗰度，因為立法會《議事規則》……,請這五位議員返回座位，因為立法會《議事規則》……,19,15,4,4.444444444444445,3.2857142857142856,16.666666666666668,7.142857142857143,0.1286391572977286
hk/805,805,805,如果佢哋，經過幾次嘅勸喻，都唔回去嘅話呢，喺維護議會秩序上呢，我就認為你應該執行《議事規則》。,如果他們經過多次勸諭仍不返回座位，我認為你應執行《議事規則》，以維持議會的秩序。,33,26,7,3.53125,3.0,18.75,16.0,0.12834371152711524
hk/720,720,720,就佢暫時未收到手，下馬？,但他暫時仍未收到。,10,8,2,2.6666666666666665,2.5714285714285716,0.0,0.0,0.1275372803671467
hk/660,660,660,而關心嘅議員同事呢，亦都可以出出面嗰度去聽聽，究竟佢嗰個情況點樣樣，同埋可以向佢提問。,而關注此事的議員亦可出去聆聽他的闡述，以及可以向他提問。,29,20,9,3.5357142857142856,3.473684210526316,17.857142857142858,15.789473684210526,0.12715066194379404
hk/240,240,240,畀返兩蚊你囖，好唔好呀？,給你兩元吧？,10,6,4,4.111111111111111,2.8,33.333333333333336,0.0,0.12649078756513457
hk/14,14,14,冇呀，爺爺。,沒有啊。,5,3,2,2.25,1.5,0.0,0.0,0.12649078756513457
hk/26,26,26,軒軒，走啦！,走了！,5,3,2,1.5,1.5,0.0,0.0,0.12649078756513457
hk/826,826,826,主席，我留意倒呢，我哋有啲同事可能對我哋兩位主席嘅候選人其中一位嘅資格，佢可能係提出咗有啲嘅意見，或者佢係覺得係有質疑嘅。,主席，我留意到有些同事就兩位候選人的其中一人的資格提出了意見或質疑。,44,24,20,4.372093023255814,3.6956521739130435,16.27906976744186,17.391304347826086,0.12601004664759977
hk/781,781,781,確定你哋有冇權去投票呢，我祇能夠係接受秘書畀我嘅-嘅一個名單，包括咗候選人同埋有資格投票嘅議員。,我祇能夠接受秘書給我的名單，包括候選人和有資格投票的議員。,34,19,15,3.6666666666666665,3.0,21.21212121212121,11.11111111111111,0.12548056362763355
hk/235,235,235,啲CD又唔係我嘅！,那些唱片又不是我的！,8,8,0,2.0,2.0,0.0,0.0,0.125
hk/626,626,626,繼續玩啦……繼續玩啦！,繼續玩吧……繼續玩吧！,8,8,0,2.2857142857142856,2.5714285714285716,0.0,14.285714285714286,0.125
hk/268,268,268,用angle-sum-of-triangle嘅咩？,要用三角形內角總和嗎？,5,5,0,2.5,1.75,0.0,0.0,0.12451124978365312
hk/736,736,736,我都唔知佢究竟係咪真係有合法嘅權利唻參選，你就叫我自己先考慮可唔可以投票畀佢，下馬？,我也不知道梁君彥議員究竟是否真的有合法權利參選，但梁耀忠議員卻要求我們自行考慮是否投票給他嗎？,32,30,2,3.5483870967741935,3.1379310344827585,12.903225806451612,13.793103448275861,0.1244754948473378
hk/170,170,170,嗰陣時呢，陳奕迅同埋楊千嬅呢，啱啱出道嗰陣時，佢哋兩個係一齊㗎。,陳奕迅跟楊千嬅剛出道時，他們是一對的。,19,13,6,3.5555555555555554,2.1666666666666665,16.666666666666668,8.333333333333334,0.1243314289360763
hk/11,11,11,等你媽咪收工返嚟，同你對晒啲功課先睇啦！,等你媽媽放工回來，跟你對好功課才看吧！,16,15,1,2.8666666666666667,2.5714285714285716,13.333333333333334,7.142857142857143,0.1240357449391985
hk/639,639,639,Philip Wong……又食咁多嘢……,Philip_Wong……又吃這麼多。,9,8,1,2.0,2.0,0.0,0.0,0.12383820725824064
hk/769,769,769,因為根據會議規則，我……祇係做兩樣嘢。,根據《議事規則》，我祇是做兩件事。,14,13,1,2.6153846153846154,2.25,7.6923076923076925,0.0,0.12371048342852431
hk/855,855,855,即係啲咁簡單嘅程序都完成唔到嘅話，成個立法會係不能夠取信於人㗎，主席。,主席，如果連如此簡單的程序也不能完成，整個立法會不可能取信於人。,23,19,4,3.6818181818181817,3.5555555555555554,22.727272727272727,22.22222222222222,0.12359180398596842
hk/10,10,10,爺爺，我可唔可以睇新一集嘅龍珠呀？,爺爺，我可以去看新一集龍珠嗎？,14,12,2,3.1538461538461537,2.909090909090909,23.076923076923077,18.181818181818183,0.12211811271778956
hk/484,484,484,呀，我喺廟街呢個行業可能已經有十七年。,我在廟街這個歌唱行業已經有十七年。,14,12,2,3.1538461538461537,2.8181818181818183,15.384615384615385,9.090909090909092,0.12211811271778956
hk/473,473,473,以前消費力-消費力高呀，而家冇呀。,以前……消費力高，現在沒有了！,11,9,2,2.0,2.125,0.0,0.0,0.12199368431688645
hk/260,260,260,第二日我拎住本爛吓爛吓嘅Yes!，問佢封面去咗邊。,隔天我拿著本破破爛爛的Yes!，問他封面去了哪裡去。,17,18,1,3.125,3.235294117647059,18.75,29.41176470588235,0.12142640937800558
hk/258,258,258,屋企仲出現咗本Yes!。,家中還出現了一本Yes!。,7,9,2,2.0,2.25,0.0,0.0,0.1211560815213356
hk/981,981,981,主席，我希望你叫返嗰五位議員返去佢嘅席位，好……,……主席，我希望你要求那五位議員返回座位……,18,14,4,4.176470588235294,2.6153846153846154,23.529411764705884,7.6923076923076925,0.12115608152133552
hk/799,799,799,但係，我呢，支持你係執行《議事規則》，包括呢，維護議會嘅秩序，確保呢，我哋選主席嘅程序呢，能夠順利完成。,但是，我支持你執行《議事規則》，包括維持議會的秩序，確保我們選舉主席的程序能夠順利完成。,36,27,9,4.114285714285714,3.8461538461538463,14.285714285714286,23.076923076923077,0.12014550244385737
hk/489,489,489,因為我喺大陸嗰時呢，我都係，都係唱歌做歌手，歌-歌手㗎。,因為我在大陸時也是唱歌、做歌手。,22,12,10,2.8095238095238093,2.272727272727273,14.285714285714286,9.090909090909092,0.12008728285083828
hk/824,824,824,我相信大家作為議員都好理解嘅。,作為議員我們都很理解。,10,7,3,3.7777777777777777,2.0,33.333333333333336,0.0,0.11990380323213451
hk/825,825,825,噉，我希望，呀，阿梁議員你可以，呀，公平公正噉主持會議，確保我哋能夠順利選倒主席。,我希望梁耀忠議員可以公平、公正地主持會議，確保我們能夠順利選出主席。,29,20,9,4.214285714285714,3.473684210526316,21.428571428571427,15.789473684210526,0.11839583422096617
hk/902,902,902,第二，喺所有出席會議……「──即係包括我──」作宗教式，或者非宗教式宣誓後，需要按照本議事規則第四條《立法會主席選擧》規定嘅程序而進行立法會主席嘅選擧。,（二）在所有出席會議的議員……「──包括我──」作宗教式或非宗教式宣誓後，須按照本議事規則第四條《立法會主席的選擧》規定的程序進行立法會主席的選擧。,47,47,0,4.8478260869565215,4.565217391304348,23.91304347826087,19.565217391304348,0.11795096400805033
hk/869,869,869,主席，呢一個，係香港人面前睇倒粗疏到不能再粗疏嘅程序。,主席，今天我們向香港人展示一個粗疏得不能再粗疏的程序。,21,19,2,5.25,4.277777777777778,35.0,33.333333333333336,0.11780715680823461
hk/995,995,995,主席，任何，一個選舉裏便，最重要嘅兩樣嘢，就是候選人嘅資格，與及選民嘅基礎。,在任何選舉中，最重要的兩點就是候選人資格及選民基礎。,27,18,9,3.730769230769231,2.5294117647058822,15.384615384615385,5.882352941176471,0.11647018544535163
hk/743,743,743,佢一定要有一份噉樣嘅，呀，正正式式係放棄英國國籍嘅聲明嘅文件。,他一定要提供一份放棄英國國籍聲明的正式文件。,21,14,7,4.55,3.230769230769231,25.0,15.384615384615385,0.11568211741583934
hk/705,705,705,你唔走，唔緊要。,如果議員真的不返回座位，也不要緊。,7,11,4,1.5,2.2,0.0,0.0,0.11528269549452333
hk/970,970,970,主席，我希望呢，喺出便嘅議員，係可以返返佢嘅座位裏面，因為我哋覺得好騷擾。,我希望在你身旁的議員可以返回座位，因為我們感到很騷擾。,26,17,9,3.24,3.5,16.0,18.75,0.11434724538722058
hk/975,975,975,我覺得我哋非常受騷擾。,……我們感到非常騷擾。,7,6,1,2.1666666666666665,1.8,0.0,0.0,0.11310979871075032
hk/882,882,882,喺呢一刻，如果我哋進行投票，當選嘅人下一刻就已經成為我哋嘅主席。,如果我們這一刻進行投票，當選者下一刻便成為立法會主席。,23,17,6,2.6363636363636362,2.625,9.090909090909092,6.25,0.11309246271235862
hk/857,857,857,第二個問題就係，而家我哋有幾多個人能夠投票，我哋都未搞得清楚。,第二個問題，我們現在尚未弄清楚多少議員能夠投票。,22,15,7,3.0,2.5714285714285716,9.523809523809524,14.285714285714286,0.11299013933597395
hk/421,421,421,可以點叫我呀？呢度成條街叫我大家姐，因為我最大，年紀最大吖嘛。,可以怎樣稱呼我？我只知道整條街都稱我「大家姐」，因為我最大，年紀最大。,24,27,3,3.0434782608695654,3.076923076923077,13.043478260869565,7.6923076923076925,0.11240803183963853
hk/883,883,883,喺呢一刻，我哋絕對係有義務要去釐清佢已經完成晒一切嘅放棄居留權嘅手續，並且交出正本，嚟以示-以正-以正視聽。,因此，我們絕對有義務釐清他已完成所有放棄英國居留權的手續，並且交出正本，以正視聽。,40,26,14,3.3846153846153846,4.0,10.256410256410257,16.0,0.11216867965404352
hk/898,898,898,任何未宣誓嘅議員，根據我哋《議事規則》同埋法例，係唔能夠參加正式會議，係唔能夠發言㗎，主席。,主席，根據《議事規則》和相關法例，任何未宣誓的議員不能參加正式會議和發言。,30,24,6,3.2413793103448274,3.3043478260869565,13.793103448275861,8.695652173913043,0.11207300328974165
hk/333,333,333,呀！我要聽《森美小儀dotdotdot》呀！,我要聽《森美小儀dotdotdot》！,10,7,3,2.3333333333333335,1.8333333333333333,0.0,0.0,0.1113239026896688
hk/223,223,223,你要聽歌可以用十蚊去買一隻雜錦錄音帶，又或者係用廿蚊去買一隻老翻。,要聽歌還可以用十元買一隻雜錦錄音帶，或是花二十元買張盜版。,27,22,5,3.269230769230769,3.238095238095238,11.538461538461538,14.285714285714286,0.11097250975649056
hk/788,788,788,頭先毛孟靜議員同埋我哋好多非建制派議員已經講咗，我哋係唔信納梁君彥議員已經可以完全係脫離咗，係一個英籍，或者係脫離咗英國嘅居留權。,毛孟靜議員和多位非建制派議員剛才說過，我們不信納梁君彥議員已經完全放棄英籍或放棄英國的居留權。,38,28,10,3.4054054054054053,3.2222222222222223,16.216216216216218,14.814814814814815,0.11041272155980701
hk/997,997,997,第一，我哋候選人嘅資格，係成疑嘅。,第一，候選人的資格成疑。,11,7,4,2.2,2.0,10.0,0.0,0.10950271389247013
hk/911,911,911,改選主席，我認為係。,我認為要改選主席。,7,6,1,2.0,1.8,0.0,0.0,0.10818396171364124
hk/368,368,368,有咩好笑？,有什麼好笑？,4,5,1,1.6666666666666667,1.75,0.0,0.0,0.10803154614560012
hk/167,167,167,佢女朋友喺度。,她女朋友也在。,4,5,1,1.0,1.25,0.0,0.0,0.1080315461456001
hk/181,181,181,我唔識喎。,我不懂。,5,4,1,1.5,1.3333333333333333,0.0,0.0,0.1080315461456001
hk/193,193,193,佢哋咁friend。,他們這麼好朋友。,4,5,1,1.3333333333333333,1.5,0.0,0.0,0.1080315461456001
hk/239,239,239,怕咗你喇！,怕了你！,5,4,1,2.5,2.0,0.0,0.0,0.1080315461456001
hk/270,270,270,你做晒嗱？,你完成了？,5,4,1,1.75,1.3333333333333333,0.0,0.0,0.1080315461456001
hk/282,282,282,八號交喇！,八號要交了！,4,5,1,1.3333333333333333,1.5,0.0,0.0,0.1080315461456001
hk/284,284,284,怕咗你呀！,怕了你！,5,4,1,2.5,2.0,0.0,0.0,0.1080315461456001
hk/301,301,301,嚇鬼咩？,嚇死人了！,4,5,1,2.0,2.5,0.0,0.0,0.1080315461456001
hk/317,317,317,打鑊你！,打你一身！,4,5,1,2.0,2.25,0.0,0.0,0.1080315461456001
hk/340,340,340,你睇下啦。,你自己看看吧。,5,4,1,1.75,1.3333333333333333,0.0,0.0,0.1080315461456001
hk/345,345,345,舉高佢吖。,舉高收音機。,5,4,1,2.5,2.0,0.0,0.0,0.1080315461456001
hk/360,360,360,呢句得喎！,這句有效！,5,4,1,1.25,1.0,0.0,0.0,0.1080315461456001
hk/380,380,380,仲嘈呀馬？,還敢吵嗎？,4,5,1,1.3333333333333333,1.5,0.0,0.0,0.1080315461456001
hk/498,498,498,跟住我哋係攞……,我們是拿……,5,4,1,1.5,1.3333333333333333,0.0,0.0,0.1080315461456001
hk/510,510,510,感覺係唔同。,感覺不一樣。,5,4,1,1.75,1.3333333333333333,0.0,0.0,0.1080315461456001
hk/574,574,574,佢哋要返工呀，,他們要上班。,5,4,1,1.5,1.3333333333333333,0.0,0.0,0.1080315461456001
hk/592,592,592,今日星期三咩？,今天是星期三嗎？,4,5,1,1.3333333333333333,1.5,0.0,0.0,0.1080315461456001
hk/790,790,790,呢個係第一。,這是第一點。,4,5,1,1.3333333333333333,1.75,0.0,0.0,0.1080315461456001
hk/806,806,806,呢個第一點。,這是第一點。,4,5,1,1.3333333333333333,1.75,0.0,0.0,0.1080315461456001
hk/753,753,753,而同時呢，我依個主席身份亦都唔能夠作任何嘅回答。,而我這個主席的身份，也不能夠作任何回答。,16,15,1,3.7333333333333334,2.857142857142857,20.0,7.142857142857143,0.1077311005249223
hk/274,274,274,你可唔可以唔好嘈呀？,你可以閉嘴嗎？,8,5,3,2.5714285714285716,1.5,0.0,0.0,0.10721413124033673
hk/21,21,21,好好睇㗎！,真是很精彩的！,4,6,2,1.3333333333333333,1.8,0.0,0.0,0.10579767212250892
hk/147,147,147,喺邊呀，你？,你在哪？,6,4,2,3.0,1.3333333333333333,0.0,0.0,0.1057976721225089
hk/190,190,190,我知呀，呢個。,這個我知道。,6,4,2,2.2,1.3333333333333333,0.0,0.0,0.1057976721225089
hk/192,192,192,梗係有千嬅份啦！,當然有楊千嬅！,6,4,2,2.0,1.3333333333333333,0.0,0.0,0.1057976721225089
hk/208,208,208,好煩呀，你！,你很煩！,6,4,2,2.0,1.3333333333333333,0.0,0.0,0.1057976721225089
hk/233,233,233,你快啲食啦！,趕快吃吧！,6,4,2,1.8,1.3333333333333333,0.0,0.0,0.1057976721225089
hk/538,538,538,呀，你諗下。,你想像一下！,6,4,2,1.6,1.3333333333333333,0.0,0.0,0.1057976721225089
hk/572,572,572,你點解唔得閒唧！,你為什麼沒空？,6,4,2,1.8,1.3333333333333333,0.0,0.0,0.1057976721225089
hk/733,733,733,不過我想同大家講講，就鑒於阿梁君彥議員呢，就已經一而再，再而三呢，除咗提供資料，同埋係公開場合裏面係澄清之後呢，噉，其實議員呀，可以自己自行去決定一下稍後時間會唔會去投票支持佢嘅。,不過，我想對大家說，鑒於梁君彥議員已經一而再、再而三地提供資料，並在公開場合作出澄清，議員大可自行決定稍後會否投票支持他。,56,36,20,6.1454545454545455,4.914285714285715,29.09090909090909,22.857142857142858,0.10524240497460038
hk/119,119,119,唔得，唔得！,不行！,6,3,3,2.0,1.0,0.0,0.0,0.10375937481971093
hk/304,304,304,滴到周圍都係！,滴到四周也有！,6,6,0,2.6,2.6,0.0,0.0,0.10375937481971093
hk/40,40,40,你成日就知道多多！,你只記著益力多！,6,6,0,1.8,1.8,0.0,0.0,0.10375937481971093
hk/67,67,67,你洗手未呀？,你洗手了嗎？,6,6,0,2.2,2.2,0.0,0.0,0.10375937481971093
hk/72,72,72,快啲做功課啦。,快去做功課吧。,6,6,0,1.8,2.0,0.0,0.0,0.10375937481971093
hk/357,357,357,你整壞㗎喎。,是你弄壞的。,6,6,0,2.2,2.2,0.0,0.0,0.10375937481971091
hk/580,580,580,坐郵輪去睇北極星！,坐郵輪去看北極星！,6,6,0,2.0,1.6,0.0,0.0,0.10375937481971091
hk/457,457,457,多數唱張學友呀，張國榮，誒，Beyond。,多數唱張學友、張國榮、Beyond。,11,8,3,2.8,2.2857142857142856,20.0,14.285714285714286,0.10072001897664863
hk/923,923,923,但不過問題在於，噉，我-剛才你未宣誓，我都畀你坐喺度個喎。,但問題是你剛才尚未宣誓，我已容許你就座。,22,15,7,4.238095238095238,3.2142857142857144,19.047619047619047,14.285714285714286,0.10025759987675234
hk/900,900,900,喺《議事規則》裏便，第十二條《每屆任期初次會議》。,《議事規則》第十二條《每屆任期的首次會議》訂明……,18,18,0,2.9411764705882355,2.823529411764706,17.647058823529413,17.647058823529413,0.09877479637295945
hk/159,159,159,我先啱啱細阿哥幾年。,我才小他幾歲。,8,7,1,2.142857142857143,2.0,0.0,0.0,0.09819227540160405
hk/391,391,391,都千禧年啦，邊有人用錄音帶𠿪？,已經是千禧年了，沒有人會再聽錄音帶！,11,12,1,2.7,2.6363636363636362,10.0,18.181818181818183,0.0979177941228023
hk/64,64,64,我唔食雞翼嘞，我要零用錢呀。,我不要雞翼，我要零用錢。,11,9,2,2.1,2.25,0.0,12.5,0.0974777691019924
hk/82,82,82,爺爺，你再畀多我兩蚊吖！,爺爺，快多給我兩元！,11,9,2,2.7,2.125,10.0,0.0,0.0974777691019924
hk/542,542,542,呀，你企喺度，我哋都冇唱呀。,你站著我們也沒有唱啊！,12,9,3,2.090909090909091,2.0,9.090909090909092,0.0,0.09628135650769902
hk/599,599,599,噉你幾時返呀？,「那你甚麼時候回來呀？」,6,9,3,1.8,2.5,0.0,0.0,0.09615479533730206
hk/479,479,479,突然間覺得香港，哇，啲租又咁貴，呀，又有咩又咁貴，有咩咁貴，噉我都要……,突然覺得香港……哇！租又貴，這又貴，那又貴。,31,18,13,3.3666666666666667,3.7058823529411766,13.333333333333334,23.529411764705884,0.09560001006926935
hk/564,564,564,我哋坐郵輪喎，又可以呢……喺……喺……誒……上一上岸又可以去shopping喎。,我們坐郵輪，又可以呢……上一上岸又可以去shopping。,23,15,8,4.636363636363637,3.0,22.727272727272727,14.285714285714286,0.09521571007925587
hk/478,478,478,因為我啱啱嚟到香港，我都要生存咖嘛。,因為我初來到香港，要生存嘛。,13,11,2,2.9166666666666665,2.5,16.666666666666668,10.0,0.09486487383107224
hk/65,65,65,噉好啦，媽咪去攞畀你啦，好唔好？,那我去拿給你。,15,7,8,3.142857142857143,1.8333333333333333,14.285714285714286,0.0,0.09485120445099698
hk/746,746,746,但係而家講得好清楚。,不過，現時已經說得很清楚。,7,9,2,2.0,2.125,0.0,0.0,0.09455186666333368
hk/755,755,755,唔好意思，我唔係特別要為難你，亦都，呀，覺得打直噉樣說話，打岔係，呀，唔禮貌嘅。,不好意思，我不是特別要為難你，亦覺得這樣插言不禮貌。,28,17,11,3.4074074074074074,3.0625,14.814814814814815,12.5,0.09186184140644581
hk/85,85,85,你畀我啦！你畀我啦！你畀我啦！,你給我吧！,15,5,10,3.2857142857142856,1.75,14.285714285714286,0.0,0.09182958340544894
hk/992,992,992,唔該你坐低，唔該你坐低，唔該你坐低。,請議員坐下。,15,5,10,3.5,2.0,14.285714285714286,0.0,0.09182958340544894
hk/814,814,814,我認為呢個呢，都係兼顧倒人情上嘅考慮。,我認為這做法已經兼顧到人情上的考慮。,14,12,2,3.0,2.8181818181818183,7.6923076923076925,9.090909090909092,0.09178994953167656
hk/55,55,55,佢成日話，冇龍珠閃卡，喺學校就冇朋友。,他常常說，沒有龍珠閃卡就沒有朋友。,14,11,3,3.923076923076923,3.1,30.76923076923077,20.0,0.09151511897518981
hk/200,200,200,喂，你做咩呀？,喂，你幹麼？,7,5,2,1.8333333333333333,1.5,0.0,0.0,0.09071709689665355
hk/31,31,31,爺爺呀，快啲啦！,趕快吧，爺爺！,7,5,2,2.0,2.25,0.0,0.0,0.09071709689665353
hk/704,704,704,我哋唔走呢？,我們不離開又怎樣呢？,5,7,2,1.5,1.5,0.0,0.0,0.09071709689665351
hk/123,123,123,你畀我睇埋啦！,你讓我繼續看啦！,7,7,0,2.3333333333333335,2.3333333333333335,0.0,0.0,0.08893660698832365
hk/776,776,776,你呼籲我走，我亦都唔走。,即使你呼籲我離開，我亦不會離開。,10,12,2,2.4444444444444446,2.5454545454545454,11.11111111111111,9.090909090909092,0.08880563947945644
hk/610,610,610,可能會掛住你啫,可能會掛念你而已。,5,6,1,1.5,1.8,0.0,0.0,0.08880563947945642
hk/690,690,690,我睇唔倒呀。,我看不到。,6,5,1,2.2,1.75,0.0,0.0,0.08880563947945642
hk/199,199,199,關你咩事呀？,關你什麼事？,6,5,1,3.0,2.5,0.0,0.0,0.08880563947945641
hk/232,232,232,我要食蛋撻呀！,我要吃蛋撻！,6,5,1,1.8,1.5,0.0,0.0,0.08880563947945641
hk/298,298,298,關我咩事呀？,關我什麼事？,6,5,1,3.0,2.5,0.0,0.0,0.08880563947945641
hk/359,359,359,關我咩事喎？,關我什麼事？,6,5,1,3.0,2.5,0.0,0.0,0.08880563947945641
hk/362,362,362,關我咩事喎？,關我什麼事？,6,5,1,3.0,2.5,0.0,0.0,0.08880563947945641
hk/364,364,364,關我咩事喎？,關我什麼事？,6,5,1,3.0,2.5,0.0,0.0,0.08880563947945641
hk/366,366,366,關我咩事喎？,關我什麼事？,6,5,1,3.0,2.5,0.0,0.0,0.08880563947945641
hk/877,877,877,喺咁混亂嘅情況之下，咁粗疏嘅情況之下進入程序，主席，我怕你背負嘅壓力會好大喎。,在如此混亂、粗疏的情況下進入選舉程序，主席，我怕你背負的壓力會很大。,27,24,3,2.730769230769231,2.739130434782609,15.384615384615385,17.391304347826086,0.0885519062815179
hk/920,920,920,但係如果你都同意有關宣誓係唔合理、唔合法嘅話呢，你噉樣做法係嚴重違反《議事規則》第一條呢，係唔能夠進行。,但如果你同意有關宣誓不合理和不合法，你這樣做便嚴重違反了《議事規則》第一條。,35,26,9,4.411764705882353,3.68,26.470588235294116,20.0,0.08601590690784372
hk/264,264,264,反正呢啲歌呀，我都唔識聽。,這些流行曲我不懂欣賞。,11,7,4,2.9,1.6666666666666667,20.0,0.0,0.08302361571475464
hk/78,78,78,呢張唔係你中意嘅孫悟空咩？,這不就是你很喜歡的悟空嗎？,10,11,1,2.5555555555555554,3.5,11.11111111111111,30.0,0.08125334767347187
hk/95,95,95,爺爺，我唔睬你呀！,我不理你了！,8,6,2,2.0,1.8,0.0,0.0,0.07932311029696917
hk/118,118,118,爺爺，你畀我睇啦！,你讓我看啦！,8,6,2,2.142857142857143,2.2,0.0,0.0,0.07932311029696916
hk/171,171,171,愾！我又唔識佢哋。,我又不認識他們。,8,6,2,2.142857142857143,1.8,0.0,0.0,0.07932311029696916
hk/527,527,527,都有成三十年㗎喇。,都有三十年了。,8,6,2,3.142857142857143,2.2,14.285714285714286,0.0,0.07932311029696916
hk/641,641,641,下一站係天富，Next-stop-is-Tin-Fu。,下一站是天富。,8,6,2,1.7142857142857142,1.4,0.0,0.0,0.07932311029696916
hk/677,677,677,噉，我可以畀大家時間。,我會給大家時間。,8,6,2,2.2857142857142856,1.8,0.0,0.0,0.07932311029696916
hk/465,465,465,愾吔，做鬼咩！我以前電視臺就參加比賽，輸咗呢。,別提了！我在電視台參加比賽，輸了！,17,13,4,2.625,2.3333333333333335,12.5,8.333333333333334,0.0790076939130079
hk/337,337,337,呢首你咪錄咗囖。,這首你剛剛才錄了。,8,8,0,1.8571428571428572,2.0,0.0,0.0,0.07781953111478321
hk/645,645,645,又曬黑返嚟喇，哈哈……,又曬黑番黎喇，哈哈！,8,8,0,3.142857142857143,2.7142857142857144,14.285714285714286,14.285714285714286,0.07781953111478321
hk/386,386,386,阿哥呀，我今日扭倒㗎！,我今天扭到的！,9,6,3,2.125,1.8,0.0,0.0,0.07743872795630855
hk/888,888,888,我認為喺呢一刻，我哋就一定要去處理呢一件事。,我認為這一刻一定要處理這件事。,18,12,6,3.823529411764706,2.909090909090909,17.647058823529413,18.181818181818183,0.07743872795630853
hk/852,852,852,而秘書處同埋主席，你，係應該-如果係對成個選舉係有責任或者係覺得成個立法會-我哋要取信於民，我哋要攞返市民嘅信任，我哋更加要將每一個程序做得更加緊，而唔係「按章工作」，即係秘書處佢話唔查就唔查，唔需要查就唔查。,倘若秘書處和主席對整個選舉負責，或覺得整個立法會要取信於民，重新取得市民的信任，便更要將每個程式做得更嚴謹，而非「按章工作」，即秘書處說不需要查便不查。,76,52,24,4.8,4.078431372549019,21.333333333333332,23.529411764705884,0.07600589205418024
hk/277,277,277,我夠問緊功課啦！,我也要問功課！,7,6,1,2.1666666666666665,1.8,0.0,0.0,0.07539593734971191
hk/601,601,601,總之我聽晚唔返啦～,總之我明晚不回家啦,7,6,1,2.1666666666666665,2.2,0.0,0.0,0.07539593734971191
hk/637,637,637,唔好咁近個電視機呀！,不要太靠近電視啊！,7,6,1,2.1666666666666665,1.8,0.0,0.0,0.07539593734971191
hk/299,299,299,喂，關乎到你有冇利是收個喎。,喂，關係到將來你有沒有利是錢收。,12,11,1,3.3636363636363638,2.7,27.272727272727273,10.0,0.0743694016356935
hk/901,901,901,喺立法會每屆任期首次會議上面，議員，係需要按照本議事規則第一條，括弧，《宗教式或者非宗教式宣誓》嘅規定作宗教式或者非宗教式嘅宣誓嘅。,（一）在立法會每屆任期首次會議上，議員須按照本議事規則第一條《宗教式或非宗教式宣誓》的規定作宗教式或非宗教式宣誓。,43,39,4,5.9523809523809526,5.2631578947368425,30.952380952380953,34.21052631578947,0.0732105634447855
hk/996,996,996,今日，我哋呢度發生咗兩個問題。,現在出現了兩個問題。,10,7,3,2.5555555555555554,2.3333333333333335,0.0,0.0,0.07061275136321485
hk/917,917,917,你-你可以有你嘅決定。,你可以有你的決定。,9,7,2,2.0,2.1666666666666665,0.0,0.0,0.07043829949825567
hk/942,942,942,《議事規則》第一條已經講明，未宣誓係唔能夠參與會議咖嘛，主席！,《議事規則》第一條訂明，議員未宣誓便不能參與會議。,21,17,4,2.9,3.25,10.0,25.0,0.06877641875608723
hk/404,404,404,咩呀？童年經典──龍珠主題曲。,什麼？童年經典──《龍珠》主題曲。,9,10,1,2.125,2.888888888888889,0.0,11.11111111111111,0.06871456360017453
hk/132,132,132,見倒人哋有十個一蚊左右呢，就企喺佢後面。,見到別人有十個一元左右，就排在他後面。,17,16,1,3.3125,3.2,18.75,13.333333333333334,0.06817463269807092
hk/406,406,406,欸，嗰部機仲喺唔喺度呀？,那部機還在嗎？,11,7,4,2.3,1.5,10.0,0.0,0.06731990157242425
hk/318,318,318,記住，第一個，《抬起我的頭來》，三分廿一秒。,記下，第一首，《抬起我的頭來》，三分二十一秒。,15,15,0,2.7142857142857144,3.0,7.142857142857143,14.285714285714286,0.06666666666666667
hk/604,604,604,我聽晚會……唔返嚟。,我明天晚上會……不回來。,7,8,1,2.6666666666666665,2.4285714285714284,0.0,14.285714285714286,0.0655078450172157
hk/313,313,313,我揀歌呢，你計數。,我選歌，你計數。,8,7,1,2.7142857142857144,2.3333333333333335,14.285714285714286,0.0,0.06550784501721565
hk/573,573,573,阿爸、阿媽……唔得閒呀，,阿爸、阿媽……沒空啊。,8,7,1,1.8571428571428572,1.8333333333333333,0.0,0.0,0.06550784501721565
hk/847,847,847,我而家仲係一個大學生。,我仍是一名大學生。,8,7,1,3.142857142857143,2.6666666666666665,14.285714285714286,0.0,0.06550784501721565
hk/410,410,410,你睇下，佢成日都蝦我！,他總是在欺負我！,10,6,4,2.7777777777777777,1.8,22.22222222222222,0.0,0.06497290845223042
hk/453,453,453,哎唷，哎吔，呢個冇人贊成嘅。,唉呀！這個沒有人贊成的！,10,9,1,2.6666666666666665,2.25,11.11111111111111,0.0,0.06478683155738409
hk/494,494,494,我嚟咗香港之後呢，香港啲朋友就同我講話：「你千祈要明白呀，你喺香港做歌手呢，同喺中國大陸做歌手係唔同㗎。」,因為我來了香港之後，香港的朋友都跟我說：「你千萬要明白，你在香港做歌手與在中國大陸做歌手是不同的。」,41,36,5,3.225,3.942857142857143,12.5,20.0,0.06465691128069968
hk/238,238,238,兩包腸粉就六蚊，十二蚊⋯⋯,兩包腸粉就六元⋯⋯,10,7,3,2.0,1.6666666666666667,0.0,0.0,0.0645452416801175
hk/960,960,960,我知你唔會做「醜人」，我哋都唔想為難你。,我知道你不會當「醜人」，也不想為難你。,17,16,1,3.875,3.466666666666667,18.75,13.333333333333334,0.06436927016542765
hk/993,993,993,未叫你發言嗰陣時，唔該你坐低。,在我叫喚議員發言前，請先坐下。,11,12,1,2.1,2.3636363636363638,0.0,0.0,0.06428876454632512
hk/963,963,963,主席，主席，主席，規程問題，規程問題。,主席，規程問題。,12,5,7,2.5454545454545454,1.5,9.090909090909092,0.0,0.06274438594783785
hk/879,879,879,如果喺一個咁唔服眾嘅情況之下進入一個噉嘅程序嘅話呢，香港人會睇倒嘅。,如果在一種如此不能服眾的情況下進行立法會主席選舉，香港人是會看到的。,26,24,2,3.56,3.0,28.0,17.391304347826086,0.06268740394061292
hk/113,113,113,爺爺，你再畀多我睇多兩個字啦！,爺爺，你讓我多看十分鐘吧！,14,11,3,3.0,2.6,15.384615384615385,20.0,0.06267993023789803
hk/899,899,899,噉，我下一個問題嚟嘑，主席。,主席，那麼我下一個問題來了。,12,11,1,2.6363636363636362,2.9,9.090909090909092,20.0,0.0583420224824971
hk/499,499,499,每一個月出糧畀我。,每一個月都出糧給我們。,8,9,1,1.8571428571428572,1.875,0.0,0.0,0.05791426176250228
hk/930,930,930,我係話佢發言呀，主席。,我是指他發言，主席。,9,8,1,3.375,2.4285714285714284,25.0,14.285714285714286,0.05791426176250228
hk/504,504,504,噉我哋一齊去飲茶，一齊去食飯。,我們一起去飲茶、一起食飯。,10,8,2,2.3333333333333335,2.2857142857142856,11.11111111111111,0.0,0.05766535145303703
hk/506,506,506,噉佢哋返嚟又聽我唱歌，呀，打賞畀我。,那他們回來就聽我唱歌、打賞給我。,14,12,2,4.076923076923077,2.1818181818181817,30.76923076923077,9.090909090909092,0.05756692982320127
hk/257,257,257,嗰日，阿哥買返嚟嘅竟然唔係陳奕迅，而係楊千嬅嘅碟。,但是那天，哥哥買回來的竟然不是陳奕迅，而是楊千嬅的唱片。,18,19,1,3.4705882352941178,3.3333333333333335,29.41176470588235,22.22222222222222,0.05747067904563954
hk/712,712,712,吓，我唔係故意要為難你或者要什麼。,我不是故意要為難你或甚麼。,13,10,3,2.5,2.3333333333333335,8.333333333333334,11.11111111111111,0.055473549817989076
hk/924,924,924,噉，你點解釋呢？,你又如何解釋呢？,7,6,1,1.8333333333333333,1.8,0.0,0.0,0.05245347233852432
hk/394,394,394,嗯！係呀，係呀，呢餅呀！,對了，對了！,12,6,6,2.727272727272727,2.2,18.181818181818183,0.0,0.05187968740985546
hk/602,602,602,噉佢話：「你幾時會返嚟呀？」,他說：「那你甚麼時候會回來？」,12,12,0,2.727272727272727,3.4545454545454546,9.090909090909092,27.272727272727273,0.051879687409855456
hk/446,446,446,我做呢行呢，啲脾氣全部變晒呀。,我做這行業，脾氣都變好了！,13,11,2,2.4166666666666665,2.2,8.333333333333334,10.0,0.0485732433152031
hk/695,695,695,其實我都唔係好想主持依個會議嘅。,其實我也不是很想主持這會議。,12,11,1,2.909090909090909,2.5,18.181818181818183,10.0,0.04297386768136857
hk/220,220,220,喺未有ＭＰ３嘅年代，電台播咩歌，我哋就興咩歌。,在未有MP3的年代，電台播什麼歌，我們就流行歌。,18,17,1,3.1176470588235294,2.5625,17.647058823529413,12.5,0.04235699971319573
hk/261,261,261,嗰時我先知道佢嘅goodtaste唔係陳奕迅。,那時候我才明白他的好品味不是陳奕迅。,12,13,1,2.909090909090909,2.75,18.181818181818183,16.666666666666668,0.03957160000461381
hk/89,89,89,係閃卡！好嘢！好嘢！,是閃的！,7,4,3,1.6666666666666667,1.3333333333333333,0.0,0.0,0.03935733083375615
hk/443,443,443,其實呢度就落雨，個電工唔畀電，佢哋就冇電嘞。,像昨晚因為下雨，電工不供電他們就沒電了！,17,16,1,3.9375,2.6666666666666665,18.75,6.666666666666667,0.03885767993362232
hk/779,779,779,但係，你投票之前，首先必須要確定我、梁頌恆同埋姚松炎三位嘅投票權。,不過，在投票前，你首先需要確定我、梁頌恒和姚松炎三位議員的投票權。,20,21,1,4.2631578947368425,4.15,42.10526315789474,35.0,0.03618530889035428
hk/330,330,330,其實我都唔明，點解阿哥唔直接送千嬅隻碟畀佢朋友。,其實我也不明白，哥哥為何不直接送楊千嬅的唱片給他朋友。,18,18,0,3.4705882352941178,3.4705882352941178,17.647058823529413,17.647058823529413,0.034586458273236975
hk/642,642,642,媽、爸，八日七夜吉隆坡加浮羅交怡之旅嚟到第四日。,媽、爸：八日七夜吉隆坡＋浮羅交怡之旅來到第四天。,18,18,0,3.0,2.7058823529411766,11.764705882352942,5.882352941176471,0.034586458273236975
hk/557,557,557,你去……你……放暑假㗎，唔使返學㗎！,你放暑假的，不用上學的！,13,9,4,4.416666666666667,2.5,33.333333333333336,12.5,0.021260049799927752
hk/164,164,164,哎吔，你心虛呀？,你心虛啊？,6,4,2,1.6,1.3333333333333333,0.0,0.0,0.020720839623908218
hk/35,35,35,得㗎喇！,可以了！,4,3,1,2.0,1.5,0.0,0.0,0.020720839623908215
hk/558,558,558,係呀！,是的……！,3,4,1,1.5,2.0,0.0,0.0,0.020720839623908215
hk/571,571,571,係呀！,是的……！,3,4,1,1.5,2.0,0.0,0.0,0.020720839623908215
hk/587,587,587,係呀！,是的……！,3,4,1,1.5,2.0,0.0,0.0,0.020720839623908215
hk/606,606,606,總之就聽晚就唔返啦～」,總之明晚不回家了。,9,6,3,2.625,1.8,0.0,0.0,0.020720839623908114
hk/253,253,253,好未呀？,這樣可以了吧？,4,5,1,2.0,1.75,0.0,0.0,0.018621763074265437
hk/81,81,81,擰晒㗎喇！,玩夠了！,5,4,1,2.5,2.0,0.0,0.0,0.018621763074265434
hk/505,505,505,甚至乎我請佢哋飲茶，請佢哋食飯。,甚至我請他們飲茶、食飯。,10,8,2,2.5555555555555554,2.0,11.11111111111111,0.0,0.01862176307426543
hk/444,444,444,我自己攞發電機，係咪我就有電喇，呀。,自己帶發電機，不就有電了？,14,10,4,2.6153846153846154,2.0,7.6923076923076925,0.0,0.01703174922306236
hk/692,692,692,我睇唔倒。,因為我看不到。,5,6,1,1.75,1.8,0.0,0.0,0.01652877747024116
hk/488,488,488,噉嗰時我點解會入咗呢個行業呢。,當時我為什麼會入這個行業呢？,12,10,2,3.090909090909091,2.7777777777777777,9.090909090909092,0.0,0.016528777470241156
hk/114,114,114,就嚟睇完㗎喇！,快播完了！,6,5,1,2.2,1.75,0.0,0.0,0.016528777470241156
hk/165,165,165,你快啲執嘢啦！,你趕快收拾吧！,6,5,1,1.8,1.5,0.0,0.0,0.016528777470241153
hk/570,570,570,點解你唔得閒唧！,為什麼你沒空呢？,6,5,1,1.8,1.5,0.0,0.0,0.016528777470241153
hk/619,619,619,唔識呀，真係！,……不懂啊……,6,5,1,2.2,1.5,0.0,0.0,0.016528777470241153
hk/931,931,931,唔係講取消資格。,不是取消資格。,6,5,1,1.6,1.5,0.0,0.0,0.016528777470241153
hk/134,134,134,扭卡就一定要帶電筒。,扭卡一定要帶電筒。,8,7,1,2.142857142857143,1.8333333333333333,0.0,0.0,0.013252021611059126
hk/552,552,552,好正㗎，坐郵輪㗎！,很正點，坐郵輪的！,8,7,1,2.2857142857142856,2.3333333333333335,14.285714285714286,0.0,0.013252021611059126
hk/850,850,850,佢而家，祇不過係口頭上面話……,他現在祇是口頭表示……,8,7,1,2.2857142857142856,2.0,0.0,0.0,0.013252021611059123
hk/588,588,588,冇問題，嗱，我請你呀！,沒問題，我請你呀！,10,8,2,2.2222222222222223,2.5714285714285716,11.11111111111111,14.285714285714286,0.012960459917369698
hk/550,550,550,你陪我去北極，睇北極星吖……,你陪我去北極看北極星丫……,10,9,1,2.7777777777777777,2.875,11.11111111111111,25.0,0.010976993381293413
hk/433,433,433,我得一個女，冇仔。,我只有一個女，沒兒子。,9,10,1,2.25,2.5555555555555554,0.0,11.11111111111111,0.01097699338129341
hk/329,329,329,《夏天的故事》之後，阿哥就冇再買過Eason以外嘅碟。,《夏天的故事》之後，哥哥沒再買過陳奕迅以外的唱片。,16,15,1,2.8666666666666667,2.7142857142857144,13.333333333333334,14.285714285714286,0.007184779707329366
hk/101,101,101,有餸。,有餸。,3,3,0,1.5,1.5,0.0,0.0,0.0
hk/102,102,102,哦。,哦。,2,2,0,1.0,1.0,0.0,0.0,0.0
hk/107,107,107,唉！,唉！,2,2,0,1.0,1.0,0.0,0.0,0.0
hk/12,12,12,爺爺，我做晒功課喇！,爺爺，我做好功課了！,8,8,0,2.142857142857143,2.142857142857143,0.0,0.0,0.0
hk/124,124,124,走啦！,走啦！,3,3,0,1.5,1.5,0.0,0.0,0.0
hk/125,125,125,走啦！,走啦！,3,3,0,1.5,1.5,0.0,0.0,0.0
hk/126,126,126,快啲！,快走！,3,3,0,1.5,1.0,0.0,0.0,0.0
hk/13,13,13,默書呢？,默書呢？,3,3,0,1.5,1.5,0.0,0.0,0.0
hk/131,131,131,我哋開始識得排隊。,我們開始懂得跟隊。,5,5,0,1.5,1.5,0.0,0.0,0.0
hk/136,136,136,喂，𡃁仔！,喂，小鬼！,4,4,0,1.3333333333333333,1.3333333333333333,0.0,0.0,0.0
hk/140,140,140,快啲！,快點！,3,3,0,1.5,1.5,0.0,0.0,0.0
hk/142,142,142,爺爺，快啲啦！,快跑呀，爺爺！,6,6,0,1.8,2.0,0.0,0.0,0.0
hk/144,144,144,豪仔！,豪仔！,2,2,0,1.0,1.0,0.0,0.0,0.0
hk/146,146,146,豪仔！,豪仔！,2,2,0,1.0,1.0,0.0,0.0,0.0
hk/148,148,148,好攰。,很累。,3,3,0,1.0,1.0,0.0,0.0,0.0
hk/15,15,15,冇？,沒有？,2,2,0,1.0,1.0,0.0,0.0,0.0
hk/153,153,153,係咩？,是嘛？,3,3,0,1.5,1.5,0.0,0.0,0.0
hk/157,157,157,你都未出世！,你還沒出世！,5,5,0,1.75,1.75,0.0,0.0,0.0
hk/16,16,16,爺爺，好好睇㗎！,爺爺，很精彩的！,6,6,0,1.6,1.6,0.0,0.0,0.0
hk/161,161,161,你偏心！,你偏心！,3,3,0,1.0,1.0,0.0,0.0,0.0
hk/177,177,177,你可以⋯⋯做我的⋯⋯筆友嗎？,你可以……做我的……筆友嗎？,10,10,0,3.0,3.0,11.11111111111111,11.11111111111111,0.0
hk/179,179,179,咩mode、mean、median？,什麼眾數、平均數、中位數？,7,7,0,2.3333333333333335,2.3333333333333335,0.0,0.0,0.0
hk/18,18,18,唔睇。,不看。,3,3,0,1.0,1.0,0.0,0.0,0.0
hk/183,183,183,哦。,哦。,2,2,0,1.0,1.0,0.0,0.0,0.0
hk/184,184,184,Mean呢？,平均數呢？,3,3,0,1.5,1.5,0.0,0.0,0.0
hk/185,185,185,你就mean！,你就刻薄！,4,4,0,1.3333333333333333,1.3333333333333333,0.0,0.0,0.0
hk/187,187,187,差唔多啦。,差不多了。,3,3,0,1.5,1.5,0.0,0.0,0.0
hk/197,197,197,黎明？,黎明？,2,2,0,1.0,1.0,0.0,0.0,0.0
hk/206,206,206,得喇！,知道了！,3,3,0,1.5,1.5,0.0,0.0,0.0
hk/209,209,209,你返去做你嘅功課啦！,你回去做你的功課吧！,8,8,0,2.4285714285714284,2.7142857142857144,0.0,14.285714285714286,0.0
hk/216,216,216,未聽過褦！,沒聽過吧！,5,5,0,1.75,1.75,0.0,0.0,0.0
hk/221,221,221,喺九零三同埋新城之間轉嚟轉去。,在九零三與新城電台間轉來轉去。,10,10,0,2.111111111111111,2.111111111111111,0.0,0.0,0.0
hk/231,231,231,又係得腸粉！,又是只有腸粉！,5,5,0,1.75,1.75,0.0,0.0,0.0
hk/24,24,24,三歲到卅歲都沉迷。,三歲到三十歲也喜歡。,8,8,0,2.0,2.0,0.0,0.0,0.0
hk/243,243,243,十蚊！,十元！,3,3,0,1.0,1.0,0.0,0.0,0.0
hk/248,248,248,咁貴！,這麼貴！,3,3,0,1.0,1.0,0.0,0.0,0.0
hk/254,254,254,好啦！,好吧！,3,3,0,1.5,1.5,0.0,0.0,0.0
hk/262,262,262,應該都唔係楊千嬅。,應該也不是楊千嬅。,6,6,0,2.2,2.2,0.0,0.0,0.0
hk/266,266,266,唔知呢？,不知道呢。,4,4,0,1.3333333333333333,1.3333333333333333,0.0,0.0,0.0
hk/267,267,267,哦。,哦。,2,2,0,1.0,1.0,0.0,0.0,0.0
hk/269,269,269,哦。,哦。,2,2,0,1.0,1.0,0.0,0.0,0.0
hk/286,286,286,喂？,喂？,2,2,0,1.0,1.0,0.0,0.0,0.0
hk/29,29,29,掰掰！,掰掰！,2,2,0,1.0,1.0,0.0,0.0,0.0
hk/297,297,297,我想錄啲嘢畀佢。,我想錄些東西給她。,8,8,0,2.2857142857142856,2.2857142857142856,0.0,0.0,0.0
hk/300,300,300,喂！,喂！,2,2,0,1.0,1.0,0.0,0.0,0.0
hk/306,306,306,過嚟！,來！,2,2,0,1.0,1.0,0.0,0.0,0.0
hk/307,307,307,又點呀？,又怎麼了？,4,4,0,1.3333333333333333,1.3333333333333333,0.0,0.0,0.0
hk/311,311,311,計數！,計數！！,2,2,0,1.0,1.0,0.0,0.0,0.0
hk/320,320,320,第二個。,第二首。,3,3,0,1.0,1.0,0.0,0.0,0.0
hk/322,322,322,《黑夜不再來》,《黑夜不再來》,3,3,0,1.0,1.0,0.0,0.0,0.0
hk/323,323,323,等陣呀！,等一等呀！,3,3,0,1.5,1.5,0.0,0.0,0.0
hk/324,324,324,四分零五秒。,四分五秒。,5,5,0,1.75,1.75,0.0,0.0,0.0
hk/327,327,327,三分廿一呀。,三分二十一呀。,5,5,0,1.75,1.75,0.0,0.0,0.0
hk/335,335,335,等等啦！,等等吧！,3,3,0,1.5,1.5,0.0,0.0,0.0
hk/336,336,336,快啲啦！,快些吧！,4,4,0,2.0,2.0,0.0,0.0,0.0
hk/338,338,338,又聽？,又聽？,3,3,0,1.0,1.0,0.0,0.0,0.0
hk/352,352,352,再舉高。,再舉高。,4,4,0,1.3333333333333333,1.3333333333333333,0.0,0.0,0.0
hk/355,355,355,好重呀！,很重啊！,4,4,0,1.3333333333333333,1.3333333333333333,0.0,0.0,0.0
hk/36,36,36,超級撒亞人！,超級撒亞人！,4,4,0,1.3333333333333333,1.3333333333333333,0.0,0.0,0.0
hk/367,367,367,喂！,喂！,2,2,0,1.0,1.0,0.0,0.0,0.0
hk/370,370,370,嘈醒人哋喇！,吵醒人啦！,5,5,0,2.5,2.5,0.0,0.0,0.0
hk/373,373,373,唔好嘈喇！,別吵了！,4,4,0,1.3333333333333333,1.3333333333333333,0.0,0.0,0.0
hk/375,375,375,咩話？,什麼？,2,2,0,1.0,1.0,0.0,0.0,0.0
hk/378,378,378,唔知。,不知道。,3,3,0,1.0,1.0,0.0,0.0,0.0
hk/382,382,382,唔好。,不要。,3,3,0,1.0,1.0,0.0,0.0,0.0
hk/389,389,389,唔使喇。,不用了。,3,3,0,1.5,1.5,0.0,0.0,0.0
hk/39,39,39,多多！,多多！,2,2,0,1.0,1.0,0.0,0.0,0.0
hk/392,392,392,傻仔！,傻瓜！,2,2,0,1.0,1.0,0.0,0.0,0.0
hk/395,395,395,《抬起我的頭來》,《抬起我的頭來》,3,3,0,1.0,1.0,0.0,0.0,0.0
hk/396,396,396,《今天等我來》,《今天等我來》,3,3,0,1.0,1.0,0.0,0.0,0.0
hk/397,397,397,《不再讓你孤單》,《不再讓你孤單》,3,3,0,1.0,1.0,0.0,0.0,0.0
hk/398,398,398,《今日》,《今日》,3,3,0,1.0,1.0,0.0,0.0,0.0
hk/399,399,399,《每一個明天》,《每一個明天》,3,3,0,1.0,1.0,0.0,0.0,0.0
hk/400,400,400,《夏天的故事》,《夏天的故事》,3,3,0,1.0,1.0,0.0,0.0,0.0
hk/401,401,401,《伴遊》,《伴遊》,3,3,0,1.0,1.0,0.0,0.0,0.0
hk/402,402,402,《與我常在》,《與我常在》,3,3,0,1.0,1.0,0.0,0.0,0.0
hk/403,403,403,《有發生過》,《有發生過》,3,3,0,1.0,1.0,0.0,0.0,0.0
hk/43,43,43,斤半！,斤半！,3,3,0,1.5,1.5,0.0,0.0,0.0
hk/430,430,430,天生我材必有用。,天生我材必有用。,2,2,0,1.0,1.0,0.0,0.0,0.0
hk/434,434,434,天生我材必有用。,天生我材必有用。,2,2,0,1.0,1.0,0.0,0.0,0.0
hk/53,53,53,嗰啲呢？,這些呢？,3,3,0,1.5,1.5,0.0,0.0,0.0
hk/549,549,549,喂，阿Ｂ呀！,喂，阿Ｂ呀！,5,5,0,1.5,1.5,0.0,0.0,0.0
hk/554,554,554,問咗你阿媽啦！,問了你媽啦！,6,6,0,2.8,2.8,0.0,0.0,0.0
hk/555,555,555,係呀！,是的！,3,3,0,1.5,1.5,0.0,0.0,0.0
hk/560,560,560,我唔使你出呀。,我不用你付呀。,6,6,0,2.2,2.2,0.0,0.0,0.0
hk/561,561,561,我請你去呀！,我請你去呀！,6,6,0,2.2,2.2,0.0,0.0,0.0
hk/562,562,562,你陪我啦！,你陪我啦！,5,5,0,1.75,1.75,0.0,0.0,0.0
hk/569,569,569,係呀！,是的！,3,3,0,1.5,1.5,0.0,0.0,0.0
hk/578,578,578,我哋去見識下吖嘛。,我們去見識一下嘛。,6,6,0,2.0,2.0,0.0,0.0,0.0
hk/579,579,579,未試過吖嘛。,沒試過嘛。,5,5,0,1.75,1.75,0.0,0.0,0.0
hk/58,58,58,媽咪！,媽媽！,2,2,0,1.0,1.0,0.0,0.0,0.0
hk/582,582,582,係褦！,是的……,3,3,0,1.5,1.5,0.0,0.0,0.0
hk/583,583,583,ＯＫ㗎！,ＯＫ的！,3,3,0,1.5,1.5,0.0,0.0,0.0
hk/584,584,584,我請你去！,我請你去！,5,5,0,1.75,1.75,0.0,0.0,0.0
hk/585,585,585,就噉決定啦！,就這樣說吧！,5,5,0,1.5,1.5,0.0,0.0,0.0
hk/589,589,589,你去啦！,你去啦！,4,4,0,1.3333333333333333,1.3333333333333333,0.0,0.0,0.0
hk/595,595,595,而家出發！,現在出發！,3,3,0,1.0,1.0,0.0,0.0,0.0
hk/598,598,598,我話：「係吖！」,我說：「是啊！」,8,8,0,1.8571428571428572,1.8571428571428572,0.0,0.0,0.0
hk/600,600,600,我唔知㗎。,我不知道啊！,5,5,0,1.5,1.5,0.0,0.0,0.0
hk/603,603,603,我唔知㗎。,我不知道啊。,5,5,0,1.5,1.5,0.0,0.0,0.0
hk/613,613,613,血壓高囖！,血壓高吧！,4,4,0,1.3333333333333333,1.3333333333333333,0.0,0.0,0.0
hk/614,614,614,哎吔，係呀？,哎也，是嗎？,5,5,0,1.5,1.5,0.0,0.0,0.0
hk/624,624,624,卡拉ＯＫ呀？,卡啦ＯＫ嗎？,3,3,0,1.5,1.5,0.0,0.0,0.0
hk/628,628,628,你要繳付四千二百六十蚊兩毫四仙。,你要繳付四千二百六十元兩毫四仙。,10,10,0,2.4444444444444446,2.3333333333333335,11.11111111111111,11.11111111111111,0.0
hk/631,631,631,係囖！,是的！,3,3,0,1.5,1.5,0.0,0.0,0.0
hk/632,632,632,嗰個呢？,那個呢？,4,4,0,1.3333333333333333,1.3333333333333333,0.0,0.0,0.0
hk/633,633,633,嗰個囖！,那個吧！,4,4,0,1.3333333333333333,1.3333333333333333,0.0,0.0,0.0
hk/644,644,644,一行出去就係泳池，再行出啲就係沙灘。,一行出去就係泳池，再行出Ｄ就係沙灘！,15,15,0,2.7142857142857144,2.7857142857142856,14.285714285714286,14.285714285714286,0.0
hk/647,647,647,好快返嚟。,很快回來。,4,4,0,1.0,1.3333333333333333,0.0,0.0,0.0
hk/648,648,648,秋，一四年五月二十二號。,秋，一四年五月二十二日。,6,6,0,2.2,2.2,0.0,0.0,0.0
hk/649,649,649,喂，明信片呀！,喂，明信片啊！,5,5,0,1.5,1.5,0.0,0.0,0.0
hk/672,672,672,有議員想提出規程問題。,有議員想提出規程問題。,7,7,0,2.1666666666666665,2.1666666666666665,16.666666666666668,16.666666666666668,0.0
hk/679,679,679,佢正話……,他剛才……,3,3,0,1.0,1.0,0.0,0.0,0.0
hk/74,74,74,十個一蚊。,十個一元。,5,5,0,1.5,1.5,0.0,0.0,0.0
hk/756,756,756,唔緊要。,不要緊。,3,3,0,1.0,1.0,0.0,0.0,0.0
hk/761,761,761,多謝！,多謝。,2,2,0,1.0,1.0,0.0,0.0,0.0
hk/774,774,774,最後，一個規程問題。,最後，一個規程問題。,7,7,0,2.3333333333333335,1.8333333333333333,0.0,0.0,0.0
hk/830,830,830,唔該。,謝謝。,2,2,0,1.0,1.0,0.0,0.0,0.0
hk/84,84,84,爺爺，你畀我啦！,爺爺，你給我啦！,7,7,0,1.8333333333333333,1.8333333333333333,0.0,0.0,0.0
hk/842,842,842,唔該主席。,多謝主席。,3,3,0,1.5,1.5,0.0,0.0,0.0
hk/856,856,856,呢個係第一個問題。,這是第一個問題。,6,6,0,2.2,2.2,0.0,0.0,0.0
hk/86,86,86,哎吔！,哎吔！,2,2,0,1.0,1.0,0.0,0.0,0.0
hk/88,88,88,嘩！,嘩！,2,2,0,1.0,1.0,0.0,0.0,0.0
hk/880,880,880,唔該主席。,謝謝主席。,3,3,0,1.5,1.5,0.0,0.0,0.0
hk/913,913,913,佢唔稱任。,他不稱職。,4,4,0,1.3333333333333333,1.3333333333333333,0.0,0.0,0.0
hk/94,94,94,走啦！,走吧！,3,3,0,1.5,1.5,0.0,0.0,0.0
hk/958,958,958,梁耀忠，唔好噉樣啦！,梁耀忠，為何要這樣呢？,7,7,0,1.8333333333333333,1.8333333333333333,0.0,0.0,0.0
hk/974,974,974,梁美芬教授……,梁美芬教授……,3,3,0,1.5,1.5,0.0,0.0,0.0
hk/976,976,976,我希望主席裁決。,我希望主席裁決。,5,5,0,1.75,1.75,0.0,0.0,0.0
